gauge_id,river_basin,cwc_river,cwc_site_name,hydrobasins_group,hydrorivers_group,flow_availability,cwc_area,lat,lon,connectivity_group,target_status,split_reason
03002,Godavari,Godavari/Indravati/Narangi,Ambabal,MAIN_BAS_4060027780_PFAF_453448,HYRIV_41208575_DOWN_41209960,54.93,1968.0,19.2967,81.7889,COMP_00_GODAVARI_SIZE_50,SOURCE_GAUGED_TRAIN,Allocated to Candidate Source / Training set. Hydrologically isolated from test and validation basins.
03005,Godavari,Godavari/Pranhita/Wainganga,Ashti,MAIN_BAS_4060027780_PFAF_453464,HYRIV_41199253_DOWN_41199370,95.16,50990.0,19.6867,79.7856,COMP_00_GODAVARI_SIZE_50,SOURCE_GAUGED_TRAIN,Allocated to Candidate Source / Training set. Hydrologically isolated from test and validation basins.
03008,Godavari,Godavari/Pranhita/Wardha,Bamni,MAIN_BAS_4060027780_PFAF_453465,HYRIV_41195109_DOWN_41195110,94.88,46020.0,19.8139,79.3794,COMP_00_GODAVARI_SIZE_50,SOURCE_GAUGED_TRAIN,Allocated to Candidate Source / Training set. Hydrologically isolated from test and validation basins.
03009,Godavari,Godavari/Manjira/Manar,Betmogrra,MAIN_BAS_4060027780_PFAF_453482,HYRIV_41224987_DOWN_41225222,47.37,2105.0,18.705,77.545,COMP_00_GODAVARI_SIZE_50,SOURCE_GAUGED_TRAIN,Allocated to Candidate Source / Training set. Hydrologically isolated from test and validation basins.
03013,Godavari,Godavari/Pranhita/Peddavagu,Bhatpalli,MAIN_BAS_4060027780_PFAF_453462,HYRIV_41207603_DOWN_41207500,78.54,3100.0,19.3303,79.5042,COMP_00_GODAVARI_SIZE_50,SOURCE_GAUGED_TRAIN,Allocated to Candidate Source / Training set. Hydrologically isolated from test and validation basins.
03014,Godavari,Godavari/Pranhita/Wardha,Bhisnur,MAIN_BAS_4060027780_PFAF_453466,HYRIV_41161192_DOWN_41164363,42.48,5000.0,21.1072,78.1331,COMP_00_GODAVARI_SIZE_50,SOURCE_GAUGED_TRAIN,Allocated to Candidate Source / Training set. Hydrologically isolated from test and validation basins.
03017,Godavari,Godavari/Indravati/Bardha,Cherribeda,MAIN_BAS_4060027780_PFAF_453446,HYRIV_41199670_DOWN_41200381,49.01,890.0,19.6464,81.4861,COMP_00_GODAVARI_SIZE_50,SOURCE_GAUGED_TRAIN,Allocated to Candidate Source / Training set. Hydrologically isolated from test and validation basins.
03018,Godavari,Godavari/Indravati,Chindnar,MAIN_BAS_4060027780_PFAF_453445,HYRIV_41214156_DOWN_41213638,90.07,17270.0,19.0794,81.3011,COMP_00_GODAVARI_SIZE_50,SOURCE_GAUGED_TRAIN,Allocated to Candidate Source / Training set. Hydrologically isolated from test and validation basins.
03019,Godavari,Godavari/Manjira/Lendi,Degloor,MAIN_BAS_4060027780_PFAF_453484,HYRIV_41229041_DOWN_41229339,72.87,1900.0,18.5622,77.5831,COMP_00_GODAVARI_SIZE_50,SOURCE_GAUGED_TRAIN,Allocated to Candidate Source / Training set. Hydrologically isolated from test and validation basins.
03020,Godavari,Godavari,Dhalegaon,MAIN_BAS_4060027780_PFAF_453493,HYRIV_41210588_DOWN_41210923,87.45,30840.0,19.2203,76.3633,COMP_00_GODAVARI_SIZE_50,SOURCE_GAUGED_TRAIN,Allocated to Candidate Source / Training set. Hydrologically isolated from test and validation basins.
03024,Godavari,Godavari/Peddavagu,Gandlapet,MAIN_BAS_4060027780_PFAF_453476,HYRIV_41221312_DOWN_41220066,73.18,1360.0,18.8289,78.4367,COMP_00_GODAVARI_SIZE_50,SOURCE_GAUGED_TRAIN,Allocated to Candidate Source / Training set. Hydrologically isolated from test and validation basins.
03028,Godavari,Godavari/Pranhita/Wardha,Ghugus,MAIN_BAS_4060027780_PFAF_453466,HYRIV_41192278_DOWN_41192624,63.05,21429.0,19.9472,79.0892,COMP_00_GODAVARI_SIZE_50,SOURCE_GAUGED_TRAIN,Allocated to Candidate Source / Training set. Hydrologically isolated from test and validation basins.
03029,Godavari,Godavari,G.R.Bridge,MAIN_BAS_4060027780_PFAF_453493,HYRIV_41215824_DOWN_41216709,89.41,33934.0,19.0217,76.7292,COMP_00_GODAVARI_SIZE_50,SOURCE_GAUGED_TRAIN,Allocated to Candidate Source / Training set. Hydrologically isolated from test and validation basins.
03030,Godavari,Godavari/Pranhita/Wardha,Hivra,MAIN_BAS_4060027780_PFAF_453466,HYRIV_41176031_DOWN_41176382,73.06,10240.0,20.5472,78.3247,COMP_00_GODAVARI_SIZE_50,SOURCE_GAUGED_TRAIN,Allocated to Candidate Source / Training set. Hydrologically isolated from test and validation basins.
03031,Godavari,Godavari/Indravati,Jagdalpur,MAIN_BAS_4060027780_PFAF_453449,HYRIV_41213414_DOWN_41213162,89.81,7380.0,19.1081,82.0228,COMP_00_GODAVARI_SIZE_50,SOURCE_GAUGED_TRAIN,Allocated to Candidate Source / Training set. Hydrologically isolated from test and validation basins.
03038,Godavari,Godavari/Pranhita/Wardha/Penganga,Kanhargaon,MAIN_BAS_4060027780_PFAF_453469,HYRIV_41191314_DOWN_41190590,57.95,3515.0,19.9611,77.1481,COMP_00_GODAVARI_SIZE_50,SOURCE_GAUGED_TRAIN,Allocated to Candidate Source / Training set. Hydrologically isolated from test and validation basins.
03040,Godavari,Godavari/Pranhita/Wainganga,Keolari,MAIN_BAS_4060027780_PFAF_453464,HYRIV_41110770_DOWN_41109967,78.39,2970.0,22.3819,79.9,COMP_00_GODAVARI_SIZE_50,SOURCE_GAUGED_TRAIN,Allocated to Candidate Source / Training set. Hydrologically isolated from test and validation basins.
03043,Godavari,Godavari,Koida,MAIN_BAS_4060027780_PFAF_453410,HYRIV_41256505_DOWN_41256815,64.48,305460.0,17.4875,81.3875,COMP_00_GODAVARI_SIZE_50,SOURCE_GAUGED_TRAIN,Allocated to Candidate Source / Training set. Hydrologically isolated from test and validation basins.
03045,Godavari,Godavari/Sabari,Konta,MAIN_BAS_4060027780_PFAF_453420,HYRIV_41248751_DOWN_41249183,90.45,19550.0,17.7989,81.3928,COMP_00_GODAVARI_SIZE_50,SOURCE_GAUGED_TRAIN,Allocated to Candidate Source / Training set. Hydrologically isolated from test and validation basins.
03047,Godavari,Godavari/Indravati/Baskal,Kosagumda,MAIN_BAS_4060027780_PFAF_453449,HYRIV_41209564_DOWN_41209563,43.04,1635.0,19.2772,82.2333,COMP_00_GODAVARI_SIZE_50,SOURCE_GAUGED_TRAIN,Allocated to Candidate Source / Training set. Hydrologically isolated from test and validation basins.
03048,Godavari,Godavari/Pranhita/Wainganga,Kumhari,MAIN_BAS_4060027780_PFAF_453464,HYRIV_41132962_DOWN_41133330,79.67,8070.0,21.8842,80.175,COMP_00_GODAVARI_SIZE_50,SOURCE_GAUGED_TRAIN,Allocated to Candidate Source / Training set. Hydrologically isolated from test and validation basins.
03055,Godavari,Godavari,Mancherial,MAIN_BAS_4060027780_PFAF_453473,HYRIV_41220808_DOWN_41221064,93.15,102900.0,18.8358,79.4447,COMP_00_GODAVARI_SIZE_50,SOURCE_GAUGED_TRAIN,Allocated to Candidate Source / Training set. Hydrologically isolated from test and validation basins.
03056,Godavari,Godavari/Pranhita/Wardha/Penganga/Aran,Mangrul,MAIN_BAS_4060027780_PFAF_453468,HYRIV_41186150_DOWN_41186445,59.98,2500.0,20.1889,77.9869,COMP_00_GODAVARI_SIZE_50,SOURCE_GAUGED_TRAIN,Allocated to Candidate Source / Training set. Hydrologically isolated from test and validation basins.
03057,Godavari,Godavari/Pranhita/Indravati,Mirdapalli,MAIN_BAS_4060027780_PFAF_453445,HYRIV_41208804_DOWN_41207997,56.17,24210.0,19.2989,80.6892,COMP_00_GODAVARI_SIZE_50,SOURCE_GAUGED_TRAIN,Allocated to Candidate Source / Training set. Hydrologically isolated from test and validation basins.
03064,Godavari,Godavari/Pranhita/Wardha/Wunna,Nandgaon,MAIN_BAS_4060027780_PFAF_453466,HYRIV_41177411_DOWN_41177754,78.42,4580.0,20.5256,78.8089,COMP_00_GODAVARI_SIZE_50,SOURCE_GAUGED_TRAIN,Allocated to Candidate Source / Training set. Hydrologically isolated from test and validation basins.
03068,Godavari,Godavari/Indravati,Nowrangpur,MAIN_BAS_4060027780_PFAF_453449,HYRIV_41211362_DOWN_41211361,90.34,3545.0,19.1975,82.5119,COMP_00_GODAVARI_SIZE_50,SOURCE_GAUGED_TRAIN,Allocated to Candidate Source / Training set. Hydrologically isolated from test and validation basins.
03069,Godavari,Godavari/Pravara,Pachegaon,MAIN_BAS_4060027780_PFAF_453498,HYRIV_41202197_DOWN_41202198,38.09,5800.0,19.5344,74.8339,COMP_00_GODAVARI_SIZE_50,SOURCE_GAUGED_TRAIN,Allocated to Candidate Source / Training set. Hydrologically isolated from test and validation basins.
03071,Godavari,Godavari/Indravati,Pathagudem,MAIN_BAS_4060027780_PFAF_453441,HYRIV_41221434_DOWN_41221642,92.26,40000.0,18.8525,80.3494,COMP_00_GODAVARI_SIZE_50,SOURCE_GAUGED_TRAIN,Allocated to Candidate Source / Training set. Hydrologically isolated from test and validation basins.
03072,Godavari,Godavari/Pranhita/Wainganga,Pauni,MAIN_BAS_4060027780_PFAF_453464,HYRIV_41169277_DOWN_41169623,63.11,35520.0,20.7931,79.6483,COMP_00_GODAVARI_SIZE_50,SOURCE_GAUGED_TRAIN,Allocated to Candidate Source / Training set. Hydrologically isolated from test and validation basins.
03073,Godavari,Godavari,Perur,MAIN_BAS_4060027780_PFAF_453430,HYRIV_41228047_DOWN_41229054,94.32,268200.0,18.5872,80.3958,COMP_00_GODAVARI_SIZE_50,SOURCE_GAUGED_TRAIN,Allocated to Candidate Source / Training set. Hydrologically isolated from test and validation basins.
03074,Godavari,Godavari/Pranhita/Wardha/Penganga,P.G.Bridge,MAIN_BAS_4060027780_PFAF_453467,HYRIV_41195105_DOWN_41195349,84.11,18441.0,19.8175,78.5778,COMP_00_GODAVARI_SIZE_50,SOURCE_GAUGED_TRAIN,Allocated to Candidate Source / Training set. Hydrologically isolated from test and validation basins.
03075,Godavari,Godavari,Polavaram,MAIN_BAS_4060027780_PFAF_453410,HYRIV_41262275_DOWN_41262452,94.03,307800.0,17.2519,81.6564,COMP_00_GODAVARI_SIZE_50,SOURCE_GAUGED_TRAIN,Allocated to Candidate Source / Training set. Hydrologically isolated from test and validation basins.
03076,Godavari,Godavari/Sabari/Potteru Vagu,Potteru (Seasonal),MAIN_BAS_4060027780_PFAF_453420,HYRIV_41238436_DOWN_41239134,38.78,1120.0,18.1894,81.7981,COMP_00_GODAVARI_SIZE_50,SOURCE_GAUGED_TRAIN,Allocated to Candidate Source / Training set. Hydrologically isolated from test and validation basins.
03079,Godavari,Godavari/Purna,Purna,MAIN_BAS_4060027780_PFAF_453492,HYRIV_41212212_DOWN_41213264,73.87,15000.0,19.1758,77.0131,COMP_00_GODAVARI_SIZE_50,SOURCE_GAUGED_TRAIN,Allocated to Candidate Source / Training set. Hydrologically isolated from test and validation basins.
03081,Godavari,Godavari/Pranhita/Bagh,Rajegaon,MAIN_BAS_4060027780_PFAF_453464,HYRIV_41142975_DOWN_41142424,77.65,5380.0,21.6256,80.2539,COMP_00_GODAVARI_SIZE_50,SOURCE_GAUGED_TRAIN,Allocated to Candidate Source / Training set. Hydrologically isolated from test and validation basins.
03082,Godavari,Godavari/Pranhita/Wardha/Andhari/Mul,Rajoli,MAIN_BAS_4060027780_PFAF_453464,HYRIV_41185634_DOWN_41185725,74.01,1900.0,20.1936,79.6656,COMP_00_GODAVARI_SIZE_50,SOURCE_GAUGED_TRAIN,Allocated to Candidate Source / Training set. Hydrologically isolated from test and validation basins.
03083,Godavari,Godavari/Pranhita/Kanhan,Ramakona,MAIN_BAS_4060027780_PFAF_453464,HYRIV_41139455_DOWN_41140255,77.4,2500.0,21.7189,78.8242,COMP_00_GODAVARI_SIZE_50,SOURCE_GAUGED_TRAIN,Allocated to Candidate Source / Training set. Hydrologically isolated from test and validation basins.
03085,Godavari,Godavari/Manjira,Saigaon,MAIN_BAS_4060027780_PFAF_453487,HYRIV_41241512_DOWN_41241266,56.14,9960.0,18.0758,77.0525,COMP_00_GODAVARI_SIZE_50,SOURCE_GAUGED_TRAIN,Allocated to Candidate Source / Training set. Hydrologically isolated from test and validation basins.
03087,Godavari,Godavari/Pranhita/Wardha,Sakmur,MAIN_BAS_4060027780_PFAF_453465,HYRIV_41201778_DOWN_41201362,60.46,47500.0,19.5614,79.6133,COMP_00_GODAVARI_SIZE_50,SOURCE_GAUGED_TRAIN,Allocated to Candidate Source / Training set. Hydrologically isolated from test and validation basins.
03089,Godavari,Godavari/Pranhita/Wainganga/Chulband,Salebardi,MAIN_BAS_4060027780_PFAF_453464,HYRIV_41165797_DOWN_41166294,73.16,1800.0,20.9122,79.9264,COMP_00_GODAVARI_SIZE_50,SOURCE_GAUGED_TRAIN,Allocated to Candidate Source / Training set. Hydrologically isolated from test and validation basins.
03091,Godavari,Godavari/Kinnerasani/Murredu,Sangam (Murredu),MAIN_BAS_4060027780_PFAF_453430,HYRIV_41254449_DOWN_41253392,30.9,1565.0,17.5908,80.8192,COMP_00_GODAVARI_SIZE_50,SOURCE_GAUGED_TRAIN,Allocated to Candidate Source / Training set. Hydrologically isolated from test and validation basins.
03092,Godavari,Godavari/Sabari,Saradaput,MAIN_BAS_4060027780_PFAF_453420,HYRIV_41226705_DOWN_41226822,89.98,3047.0,18.6125,82.1428,COMP_00_GODAVARI_SIZE_50,SOURCE_GAUGED_TRAIN,Allocated to Candidate Source / Training set. Hydrologically isolated from test and validation basins.
03094,Godavari,Godavari/Pranhita/Wainganga/Kanhan,Satrapur,MAIN_BAS_4060027780_PFAF_453464,HYRIV_41156603_DOWN_41156983,79.85,11100.0,21.2167,79.2331,COMP_00_GODAVARI_SIZE_50,SOURCE_GAUGED_TRAIN,Allocated to Candidate Source / Training set. Hydrologically isolated from test and validation basins.
03098,Godavari,Godavari/Maner,Somanpally (Seasonal),MAIN_BAS_4060027780_PFAF_453472,HYRIV_41228046_DOWN_41226700,83.73,12691.0,18.62,79.8044,COMP_00_GODAVARI_SIZE_50,SOURCE_GAUGED_TRAIN,Allocated to Candidate Source / Training set. Hydrologically isolated from test and validation basins.
03099,Godavari,Godavari/Indravati/NarangiMarkandi,Sonarpal,MAIN_BAS_4060027780_PFAF_453448,HYRIV_41209016_DOWN_41209110,59.78,1523.0,19.2697,81.8839,COMP_00_GODAVARI_SIZE_50,SOURCE_GAUGED_TRAIN,Allocated to Candidate Source / Training set. Hydrologically isolated from test and validation basins.
03103,Godavari,Godavari/Pranhita/Pranhita,Tekra,MAIN_BAS_4060027780_PFAF_453461,HYRIV_41217271_DOWN_41217491,92.87,108780.0,18.9783,79.9469,COMP_00_GODAVARI_SIZE_50,SOURCE_GAUGED_TRAIN,Allocated to Candidate Source / Training set. Hydrologically isolated from test and validation basins.
03105,Godavari,Godavari/Indravati/Dantewara,Tumnar,MAIN_BAS_4060027780_PFAF_453445,HYRIV_41217062_DOWN_41216285,61.81,1700.0,19.0122,81.2325,COMP_00_GODAVARI_SIZE_50,SOURCE_GAUGED_TRAIN,Allocated to Candidate Source / Training set. Hydrologically isolated from test and validation basins.
03107,Godavari,Godavari/Pranhita/Wainganga/Khobragarhi,Wairagarh,MAIN_BAS_4060027780_PFAF_453464,HYRIV_41179673_DOWN_41179882,58.37,2600.0,20.4219,80.0917,COMP_00_GODAVARI_SIZE_50,SOURCE_GAUGED_TRAIN,Allocated to Candidate Source / Training set. Hydrologically isolated from test and validation basins.
03109,Godavari,Godavari,Yelli,MAIN_BAS_4060027780_PFAF_453491,HYRIV_41215371_DOWN_41216046,89.67,53630.0,19.0439,77.4556,COMP_00_GODAVARI_SIZE_50,SOURCE_GAUGED_TRAIN,Allocated to Candidate Source / Training set. Hydrologically isolated from test and validation basins.
03110,Godavari,Godavari/Purna Dudhna,Zari,MAIN_BAS_4060027780_PFAF_453492,HYRIV_41206341_DOWN_41207113,36.89,5550.0,19.3958,76.7708,COMP_00_GODAVARI_SIZE_50,SOURCE_GAUGED_TRAIN,Allocated to Candidate Source / Training set. Hydrologically isolated from test and validation basins.
04003,Krishna,Krishna,Arjunwad (Seasonal),MAIN_BAS_4060027940_PFAF_453667,HYRIV_41273990_DOWN_41274630,87.35,12660.0,16.7808,74.6333,COMP_01_KRISHNA_SIZE_41,SOURCE_GAUGED_TRAIN,Allocated to Candidate Source / Training set. Hydrologically isolated from test and validation basins.
04004,Krishna,Krishna/Tungabhadra,Bawapuram,MAIN_BAS_4060027940_PFAF_453643,HYRIV_41294757_DOWN_41295122,95.0,67180.0,15.8833,77.9572,COMP_01_KRISHNA_SIZE_41,SOURCE_GAUGED_TRAIN,Allocated to Candidate Source / Training set. Hydrologically isolated from test and validation basins.
04005,Krishna,Krishna/Tungabhadra/Tunga,Byaladahalli,MAIN_BAS_4060027940_PFAF_453649,HYRIV_41321952_DOWN_41321727,69.66,2300.0,14.4339,75.7797,COMP_01_KRISHNA_SIZE_41,SOURCE_GAUGED_TRAIN,Allocated to Candidate Source / Training set. Hydrologically isolated from test and validation basins.
04006,Krishna,Krishna/Malaprabha,Cholachugudda,MAIN_BAS_4060027940_PFAF_453664,HYRIV_41295281_DOWN_41294748,72.42,9373.0,15.8717,75.7228,COMP_01_KRISHNA_SIZE_41,SOURCE_GAUGED_TRAIN,Allocated to Candidate Source / Training set. Hydrologically isolated from test and validation basins.
04007,Krishna,Krishna/Musi,Dameracherla,MAIN_BAS_4060027940_PFAF_453620,HYRIV_41275919_DOWN_41276250,95.26,11501.0,16.7392,79.6697,COMP_01_KRISHNA_SIZE_41,SOURCE_GAUGED_TRAIN,Allocated to Candidate Source / Training set. Hydrologically isolated from test and validation basins.
04012,Krishna,Krishna/Halia,Halia,MAIN_BAS_4060027940_PFAF_453630,HYRIV_41274299_DOWN_41274868,84.35,3100.0,16.79,79.3387,COMP_01_KRISHNA_SIZE_41,SOURCE_GAUGED_TRAIN,Allocated to Candidate Source / Training set. Hydrologically isolated from test and validation basins.
04013,Krishna,Krishna/Tungabhadra,Haralahalli,MAIN_BAS_4060027940_PFAF_453649,HYRIV_41314916_DOWN_41313993,92.89,14582.0,14.8306,75.6744,COMP_01_KRISHNA_SIZE_41,SOURCE_GAUGED_TRAIN,Allocated to Candidate Source / Training set. Hydrologically isolated from test and validation basins.
04015,Krishna,Krishna/Tungabhadra/Tunga,Holehonnur,MAIN_BAS_4060027940_PFAF_453649,HYRIV_41331851_DOWN_41330832,35.04,2990.0,13.9761,75.6853,COMP_01_KRISHNA_SIZE_41,SOURCE_GAUGED_TRAIN,Allocated to Candidate Source / Training set. Hydrologically isolated from test and validation basins.
04016,Krishna,Krishna/Tungabhadra,Honnali,MAIN_BAS_4060027940_PFAF_453649,HYRIV_41325959_DOWN_41325491,78.74,7075.0,14.2372,75.6625,COMP_01_KRISHNA_SIZE_41,SOURCE_GAUGED_TRAIN,Allocated to Candidate Source / Training set. Hydrologically isolated from test and validation basins.
04017,Krishna,Krishna,Huvinhedigi,MAIN_BAS_4060027940_PFAF_453661,HYRIV_41281352_DOWN_41281079,94.32,55150.0,16.4911,76.9231,COMP_01_KRISHNA_SIZE_41,SOURCE_GAUGED_TRAIN,Allocated to Candidate Source / Training set. Hydrologically isolated from test and validation basins.
04018,Krishna,Krishna/Bhima/Kagna,Jeewangi,MAIN_BAS_4060027940_PFAF_453670,HYRIV_41262058_DOWN_41262549,64.47,1920.0,17.2544,77.4628,COMP_01_KRISHNA_SIZE_41,SOURCE_GAUGED_TRAIN,Allocated to Candidate Source / Training set. Hydrologically isolated from test and validation basins.
04019,Krishna,Krishna,K. Agraharam,MAIN_BAS_4060027940_PFAF_453650,HYRIV_41286806_DOWN_41287587,63.51,132920.0,16.2592,77.8411,COMP_01_KRISHNA_SIZE_41,SOURCE_GAUGED_TRAIN,Allocated to Candidate Source / Training set. Hydrologically isolated from test and validation basins.
04021,Krishna,Krishna,Karad,MAIN_BAS_4060027940_PFAF_453667,HYRIV_41261414_DOWN_41261691,95.04,5462.0,17.2944,74.1903,COMP_01_KRISHNA_SIZE_41,SOURCE_GAUGED_TRAIN,Allocated to Candidate Source / Training set. Hydrologically isolated from test and validation basins.
04022,Krishna,Krishna/Munneru,Keesara,MAIN_BAS_4060027940_PFAF_453610,HYRIV_41277862_DOWN_41278782,95.36,9854.0,16.7156,80.3164,COMP_01_KRISHNA_SIZE_41,SOURCE_GAUGED_TRAIN,Allocated to Candidate Source / Training set. Hydrologically isolated from test and validation basins.
04023,Krishna,Krishna Tungabhadra/Vedavathi,Kellodu,MAIN_BAS_4060027940_PFAF_453644,HYRIV_41335515_DOWN_41335301,61.99,4320.0,13.7542,76.3197,COMP_01_KRISHNA_SIZE_41,SOURCE_GAUGED_TRAIN,Allocated to Candidate Source / Training set. Hydrologically isolated from test and validation basins.
04024,Krishna,Krishna/Bhima/Borinala,Kokangaon,MAIN_BAS_4060027940_PFAF_453691,HYRIV_41261777_DOWN_41261332,66.53,1640.0,17.2864,75.6372,COMP_01_KRISHNA_SIZE_41,SOURCE_GAUGED_TRAIN,Allocated to Candidate Source / Training set. Hydrologically isolated from test and validation basins.
04025,Krishna,Krishna Tungabhadra/Kumudavathi,Kuppellur,MAIN_BAS_4060027940_PFAF_453649,HYRIV_41320803_DOWN_41320589,58.87,1850.0,14.5,75.6339,COMP_01_KRISHNA_SIZE_41,SOURCE_GAUGED_TRAIN,Allocated to Candidate Source / Training set. Hydrologically isolated from test and validation basins.
04026,Krishna,Krishna,Kurundwad,MAIN_BAS_4060027940_PFAF_453667,HYRIV_41276735_DOWN_41277606,95.54,15190.0,16.6836,74.6031,COMP_01_KRISHNA_SIZE_41,SOURCE_GAUGED_TRAIN,Allocated to Candidate Source / Training set. Hydrologically isolated from test and validation basins.
04028,Krishna,Krishna/Munneru/Wyra,Madhira,MAIN_BAS_4060027940_PFAF_453610,HYRIV_41271218_DOWN_41272087,84.42,1850.0,16.9181,80.3558,COMP_01_KRISHNA_SIZE_41,SOURCE_GAUGED_TRAIN,Allocated to Candidate Source / Training set. Hydrologically isolated from test and validation basins.
04030,Krishna,Krishna/Bhima/,Malkhed,MAIN_BAS_4060027940_PFAF_453670,HYRIV_41263654_DOWN_41264342,69.54,7650.0,17.2031,77.1572,COMP_01_KRISHNA_SIZE_41,SOURCE_GAUGED_TRAIN,Allocated to Candidate Source / Training set. Hydrologically isolated from test and validation basins.
04031,Krishna,Krishna/Tungabhadra,Mantralayam,MAIN_BAS_4060027940_PFAF_453643,HYRIV_41293659_DOWN_41293494,94.72,60630.0,15.9483,77.4264,COMP_01_KRISHNA_SIZE_41,SOURCE_GAUGED_TRAIN,Allocated to Candidate Source / Training set. Hydrologically isolated from test and validation basins.
04032,Krishna,Krishna Tungabhadra/Varada,Marol,MAIN_BAS_4060027940_PFAF_453648,HYRIV_41312592_DOWN_41312673,67.39,4901.0,14.9389,75.6181,COMP_01_KRISHNA_SIZE_41,SOURCE_GAUGED_TRAIN,Allocated to Candidate Source / Training set. Hydrologically isolated from test and validation basins.
04038,Krishna,Krishna/Bhima,Narsingpur,MAIN_BAS_4060027940_PFAF_453693,HYRIV_41243951_DOWN_41244722,95.3,22856.0,17.9722,75.1392,COMP_01_KRISHNA_SIZE_41,SOURCE_GAUGED_TRAIN,Allocated to Candidate Source / Training set. Hydrologically isolated from test and validation basins.
04039,Krishna,Krishna/Malaprabha/Bennihalla,Navalagund,MAIN_BAS_4060027940_PFAF_453664,HYRIV_41300854_DOWN_41300855,36.71,2952.0,15.55,75.3667,COMP_01_KRISHNA_SIZE_41,SOURCE_GAUGED_TRAIN,Allocated to Candidate Source / Training set. Hydrologically isolated from test and validation basins.
04040,Krishna,Krishna/Tungabhadra,Oollenur,MAIN_BAS_4060027940_PFAF_453645,HYRIV_41302329_DOWN_41302331,56.64,33018.0,15.4917,76.7169,COMP_01_KRISHNA_SIZE_41,SOURCE_GAUGED_TRAIN,Allocated to Candidate Source / Training set. Hydrologically isolated from test and validation basins.
04041,Krishna,Krishna/Paleru,Paleru Bridge,MAIN_BAS_4060027940_PFAF_453610,HYRIV_41271216_DOWN_41271649,78.95,2928.0,16.9489,80.0478,COMP_01_KRISHNA_SIZE_41,SOURCE_GAUGED_TRAIN,Allocated to Candidate Source / Training set. Hydrologically isolated from test and validation basins.
04044,Krishna,Krishna/Bhima,Phulgaon (Seasonal),MAIN_BAS_4060027940_PFAF_453699,HYRIV_41225551_DOWN_41226092,54.59,2205.0,18.6669,74.0022,COMP_01_KRISHNA_SIZE_41,SOURCE_GAUGED_TRAIN,Allocated to Candidate Source / Training set. Hydrologically isolated from test and validation basins.
04047,Krishna,Krishna/Dudhganga,Sadalga (Seasonal),MAIN_BAS_4060027940_PFAF_453667,HYRIV_41279575_DOWN_41278987,69.89,2322.0,16.5639,74.5275,COMP_01_KRISHNA_SIZE_41,SOURCE_GAUGED_TRAIN,Allocated to Candidate Source / Training set. Hydrologically isolated from test and validation basins.
04048,Krishna,Krishna/Varna,Samdoli (Seasonal),MAIN_BAS_4060027940_PFAF_453667,HYRIV_41272276_DOWN_41272180,86.44,1948.0,16.855,74.4967,COMP_01_KRISHNA_SIZE_41,SOURCE_GAUGED_TRAIN,Allocated to Candidate Source / Training set. Hydrologically isolated from test and validation basins.
04049,Krishna,Krishna/Bhima/Nira,Sarati,MAIN_BAS_4060027940_PFAF_453694,HYRIV_41245935_DOWN_41245936,87.93,7200.0,17.9114,75.0075,COMP_01_KRISHNA_SIZE_41,SOURCE_GAUGED_TRAIN,Allocated to Candidate Source / Training set. Hydrologically isolated from test and validation basins.
04050,Krishna,Tungabhadra/Tunga,Shimoga,MAIN_BAS_4060027940_PFAF_453649,HYRIV_41331930_DOWN_41331760,90.75,2831.0,13.9269,75.585,COMP_01_KRISHNA_SIZE_41,SOURCE_GAUGED_TRAIN,Allocated to Candidate Source / Training set. Hydrologically isolated from test and validation basins.
04051,Krishna,Krishna/Bhima/Borinala/Doddanala,Shirdhon,MAIN_BAS_4060027940_PFAF_453691,HYRIV_41259417_DOWN_41258787,66.91,630.0,17.3686,75.5942,COMP_01_KRISHNA_SIZE_41,SOURCE_GAUGED_TRAIN,Allocated to Candidate Source / Training set. Hydrologically isolated from test and validation basins.
04054,Krishna,Krishna/Bhima,Takli,MAIN_BAS_4060027940_PFAF_453691,HYRIV_41258965_DOWN_41259647,95.46,33916.0,17.4131,75.8478,COMP_01_KRISHNA_SIZE_41,SOURCE_GAUGED_TRAIN,Allocated to Candidate Source / Training set. Hydrologically isolated from test and validation basins.
04055,Krishna,Krishna/Don,Talikot,MAIN_BAS_4060027940_PFAF_453662,HYRIV_41281768_DOWN_41282279,39.85,2486.0,16.4728,76.2842,COMP_01_KRISHNA_SIZE_41,SOURCE_GAUGED_TRAIN,Allocated to Candidate Source / Training set. Hydrologically isolated from test and validation basins.
04056,Krishna,Krishna/Panchganga,Terwad (Seasonal),MAIN_BAS_4060027940_PFAF_453667,HYRIV_41277060_DOWN_41276417,83.18,2425.0,16.6753,74.5736,COMP_01_KRISHNA_SIZE_41,SOURCE_GAUGED_TRAIN,Allocated to Candidate Source / Training set. Hydrologically isolated from test and validation basins.
04057,Krishna,Krishna/Tungabhadra/Hagari,T. Ramapuram (Seasonal),MAIN_BAS_4060027940_PFAF_453644,HYRIV_41299688_DOWN_41299084,84.89,23500.0,15.6611,76.9628,COMP_01_KRISHNA_SIZE_41,SOURCE_GAUGED_TRAIN,Allocated to Candidate Source / Training set. Hydrologically isolated from test and validation basins.
04060,Krishna,Krishna,Vijayawada,MAIN_BAS_4060027940_PFAF_453610,HYRIV_41281665_DOWN_41283510,84.9,251360.0,16.5011,80.625,COMP_01_KRISHNA_SIZE_41,SOURCE_GAUGED_TRAIN,Allocated to Candidate Source / Training set. Hydrologically isolated from test and validation basins.
04061,Krishna,Krishna/Bhima/Sina,Wadakbal,MAIN_BAS_4060027940_PFAF_453680,HYRIV_41255399_DOWN_41255620,95.34,12092.0,17.5342,75.885,COMP_01_KRISHNA_SIZE_41,SOURCE_GAUGED_TRAIN,Allocated to Candidate Source / Training set. Hydrologically isolated from test and validation basins.
04062,Krishna,Krishna,Wadenapally,MAIN_BAS_4060027940_PFAF_453610,HYRIV_41274194_DOWN_41273190,95.43,235544.0,16.7942,80.0692,COMP_01_KRISHNA_SIZE_41,SOURCE_GAUGED_TRAIN,Allocated to Candidate Source / Training set. Hydrologically isolated from test and validation basins.
04063,Krishna,Krishna/Koyna,Warunjli,MAIN_BAS_4060027940_PFAF_453669,HYRIV_41261872_DOWN_41261414,95.35,1890.0,17.2722,74.165,COMP_01_KRISHNA_SIZE_41,SOURCE_GAUGED_TRAIN,Allocated to Candidate Source / Training set. Hydrologically isolated from test and validation basins.
04064,Krishna,Krishna/Bhima,Yadgir,MAIN_BAS_4060027940_PFAF_453670,HYRIV_41276019_DOWN_41276325,95.48,69863.0,16.7375,77.1253,COMP_01_KRISHNA_SIZE_41,SOURCE_GAUGED_TRAIN,Allocated to Candidate Source / Training set. Hydrologically isolated from test and validation basins.
06001,Subernarekha,Subarnarekha/Kharkai,Adityapur,MAIN_BAS_4060026820_PFAF_453160,HYRIV_41090019_DOWN_41089352,95.33,6309.0,22.7914,86.1736,COMP_03_SUBERNAREKHA_SIZE_3,SOURCE_GAUGED_TRAIN,Allocated to Candidate Source / Training set. Hydrologically isolated from test and validation basins.
06006,Subernarekha,Subarnarekha,Ghatsila,MAIN_BAS_4060026820_PFAF_453160,HYRIV_41100774_DOWN_41101856,91.5,14176.0,22.5806,86.4683,COMP_03_SUBERNAREKHA_SIZE_3,SOURCE_GAUGED_TRAIN,Allocated to Candidate Source / Training set. Hydrologically isolated from test and validation basins.
06007,Subernarekha,Burhabalang,Govindapur,MAIN_BAS_4060026830_PFAF_453170,HYRIV_41145595_DOWN_41145596,65.83,4495.0,21.5478,86.9181,ISOLATED_GAUGE_06007,SOURCE_GAUGED_TRAIN,Allocated to Candidate Source / Training set. Hydrologically isolated from test and validation basins.
06008,Subernarekha,Subarnarekha,Jamshedpur,MAIN_BAS_4060026820_PFAF_453160,HYRIV_41088681_DOWN_41088682,91.5,12649.0,22.8156,86.2161,COMP_03_SUBERNAREKHA_SIZE_3,SOURCE_GAUGED_TRAIN,Allocated to Candidate Source / Training set. Hydrologically isolated from test and validation basins.
07001,Brahmani-Baitarani,Brahmani/Ramyala,Altuma,MAIN_BAS_4060027010_PFAF_453183,HYRIV_41165193_DOWN_41165321,64.33,830.0,20.9297,85.5189,COMP_05_BRAHMANI-BAITARANI_SIZE_6,SOURCE_GAUGED_TRAIN,Allocated to Candidate Source / Training set. Hydrologically isolated from test and validation basins.
07002,Brahmani-Baitarani,Baitarni,Anandpur,MAIN_BAS_4060027010_PFAF_453182,HYRIV_41157262_DOWN_41157632,95.27,8570.0,21.2111,86.1206,COMP_06_BRAHMANI-BAITARANI_SIZE_2,SOURCE_GAUGED_TRAIN,Allocated to Candidate Source / Training set. Hydrologically isolated from test and validation basins.
07005,Brahmani-Baitarani,Baitarni,Champua,MAIN_BAS_4060027010_PFAF_453182,HYRIV_41125115_DOWN_41126447,69.5,1710.0,22.0658,85.6733,COMP_06_BRAHMANI-BAITARANI_SIZE_2,SOURCE_GAUGED_TRAIN,Allocated to Candidate Source / Training set. Hydrologically isolated from test and validation basins.
07007,Brahmani-Baitarani,Brahmani,Gomlai,MAIN_BAS_4060027010_PFAF_453185,HYRIV_41134999_DOWN_41134657,95.33,21950.0,21.8378,84.9425,COMP_05_BRAHMANI-BAITARANI_SIZE_6,SOURCE_GAUGED_TRAIN,Allocated to Candidate Source / Training set. Hydrologically isolated from test and validation basins.
07008,Brahmani-Baitarani,Brahmani/Koel,Jaraikela,MAIN_BAS_4060027010_PFAF_453187,HYRIV_41112952_DOWN_41112951,95.33,9160.0,22.3217,85.1047,COMP_05_BRAHMANI-BAITARANI_SIZE_6,SOURCE_GAUGED_TRAIN,Allocated to Candidate Source / Training set. Hydrologically isolated from test and validation basins.
07009,Brahmani-Baitarani,Brahmani,Jenapur,MAIN_BAS_4060027010_PFAF_453183,HYRIV_41166456_DOWN_41166601,95.32,33955.0,20.8897,86.0142,COMP_05_BRAHMANI-BAITARANI_SIZE_6,SOURCE_GAUGED_TRAIN,Allocated to Candidate Source / Training set. Hydrologically isolated from test and validation basins.
07011,Brahmani-Baitarani,Brahmani,Panposh,MAIN_BAS_4060027010_PFAF_453187,HYRIV_41114884_DOWN_41115267,40.32,19448.0,22.2772,84.8519,COMP_05_BRAHMANI-BAITARANI_SIZE_6,SOURCE_GAUGED_TRAIN,Allocated to Candidate Source / Training set. Hydrologically isolated from test and validation basins.
07015,Brahmani-Baitarani,Brahmani/Sankh,Tilga,MAIN_BAS_4060027010_PFAF_453186,HYRIV_41098448_DOWN_41099805,95.33,3160.0,22.6233,84.4175,COMP_05_BRAHMANI-BAITARANI_SIZE_6,SOURCE_GAUGED_TRAIN,Allocated to Candidate Source / Training set. Hydrologically isolated from test and validation basins.
09001,Pennar,Pennar/Kunderu,Alladupalli,MAIN_BAS_4060028200_PFAF_453746,HYRIV_41316751_DOWN_41318275,81.5,8758.0,14.7172,78.6686,COMP_08_PENNAR_SIZE_7,SOURCE_GAUGED_TRAIN,Allocated to Candidate Source / Training set. Hydrologically isolated from test and validation basins.
09002,Pennar,Pennar,Chennur,MAIN_BAS_4060028200_PFAF_453743,HYRIV_41319424_DOWN_41319590,71.37,37981.0,14.5722,78.8,COMP_08_PENNAR_SIZE_7,SOURCE_GAUGED_TRAIN,Allocated to Candidate Source / Training set. Hydrologically isolated from test and validation basins.
09005,Pennar,Pennar/Papagani,Kamalapuram,MAIN_BAS_4060028200_PFAF_453744,HYRIV_41319801_DOWN_41318744,64.27,7187.0,14.5806,78.6778,COMP_08_PENNAR_SIZE_7,SOURCE_GAUGED_TRAIN,Allocated to Candidate Source / Training set. Hydrologically isolated from test and validation basins.
09008,Pennar,Pennar/Sagaileru,Nandipalli,MAIN_BAS_4060028200_PFAF_453743,HYRIV_41316840_DOWN_41317010,64.85,2486.0,14.7211,79.0189,COMP_08_PENNAR_SIZE_7,SOURCE_GAUGED_TRAIN,Allocated to Candidate Source / Training set. Hydrologically isolated from test and validation basins.
09009,Pennar,Pennar,Nellore,MAIN_BAS_4060028200_PFAF_453741,HYRIV_41321225_DOWN_41321127,31.78,50800.0,14.4703,79.9889,COMP_08_PENNAR_SIZE_7,SOURCE_GAUGED_TRAIN,Allocated to Candidate Source / Training set. Hydrologically isolated from test and validation basins.
09011,Pennar,Pennar/Chitravathi,Singavaram,MAIN_BAS_4060028200_PFAF_453748,HYRIV_41318804_DOWN_41318742,89.38,6262.0,14.5978,78.0133,COMP_08_PENNAR_SIZE_7,SOURCE_GAUGED_TRAIN,Allocated to Candidate Source / Training set. Hydrologically isolated from test and validation basins.
09012,Pennar,Pennar,Tadapatri,MAIN_BAS_4060028200_PFAF_453749,HYRIV_41312964_DOWN_41312819,89.11,12482.0,14.9222,78.0028,COMP_08_PENNAR_SIZE_7,SOURCE_GAUGED_TRAIN,Allocated to Candidate Source / Training set. Hydrologically isolated from test and validation basins.
10004,Mahi,Mahi/Anas,Chakaliya,MAIN_BAS_4060031730_PFAF_454084,HYRIV_41076827_DOWN_41074838,56.69,3121.0,23.0542,74.3197,COMP_09_MAHI_SIZE_6,SOURCE_GAUGED_TRAIN,Allocated to Candidate Source / Training set. Hydrologically isolated from test and validation basins.
10005,Mahi,Mahi/Som/Jakham,Dhariawad,MAIN_BAS_4060031730_PFAF_454086,HYRIV_41023528_DOWN_41023750,64.05,1510.0,24.0867,74.4756,COMP_09_MAHI_SIZE_6,SOURCE_GAUGED_TRAIN,Allocated to Candidate Source / Training set. Hydrologically isolated from test and validation basins.
10008,Mahi,Mahi,Khanpur,MAIN_BAS_4060031730_PFAF_454081,HYRIV_41103753_DOWN_41107488,94.31,32510.0,22.5347,73.1408,COMP_09_MAHI_SIZE_6,SOURCE_GAUGED_TRAIN,Allocated to Candidate Source / Training set. Hydrologically isolated from test and validation basins.
10010,Mahi,Mahi,Mataji,MAIN_BAS_4060031730_PFAF_454089,HYRIV_41061999_DOWN_41060505,86.4,3880.0,23.3497,74.7181,COMP_09_MAHI_SIZE_6,SOURCE_GAUGED_TRAIN,Allocated to Candidate Source / Training set. Hydrologically isolated from test and validation basins.
10011,Mahi,Mahi,Paderdibadi,MAIN_BAS_4060031730_PFAF_454085,HYRIV_41039508_DOWN_41039941,93.98,16247.0,23.7675,74.1367,COMP_09_MAHI_SIZE_6,SOURCE_GAUGED_TRAIN,Allocated to Candidate Source / Training set. Hydrologically isolated from test and validation basins.
10013,Mahi,Dhadhar (Independent river),Pingalwada,MAIN_BAS_4060031620_PFAF_454070,HYRIV_41122941_DOWN_41122940,72.04,2400.0,22.1103,73.0789,ISOLATED_GAUGE_10013,SOURCE_GAUGED_TRAIN,Allocated to Candidate Source / Training set. Hydrologically isolated from test and validation basins.
10014,Mahi,Mahi/som,Rangeli,MAIN_BAS_4060031730_PFAF_454086,HYRIV_41035967_DOWN_41037383,90.47,8329.0,23.8728,74.2236,COMP_09_MAHI_SIZE_6,SOURCE_GAUGED_TRAIN,Allocated to Candidate Source / Training set. Hydrologically isolated from test and validation basins.
14001,WFRN,Ulhas,Badlapur,MAIN_BAS_4060031160_PFAF_454036,HYRIV_41212332_DOWN_41212093,73.58,785.0,19.1622,73.2544,ISOLATED_GAUGE_14001,SOURCE_GAUGED_TRAIN,Allocated to Candidate Source / Training set. Hydrologically isolated from test and validation basins.
14003,WFRN,Vaitarna,Durvesh,MAIN_BAS_4060031210_PFAF_454038,HYRIV_41197706_DOWN_41197705,73.67,2019.0,19.7125,72.9306,ISOLATED_GAUGE_14003,SOURCE_GAUGED_TRAIN,Allocated to Candidate Source / Training set. Hydrologically isolated from test and validation basins.
14004,WFRN,Ambika,Gadat,MAIN_BAS_4060031220_PFAF_454039,HYRIV_41168922_DOWN_41169158,68.22,1510.0,20.8569,72.9836,ISOLATED_GAUGE_14004,SOURCE_GAUGED_TRAIN,Allocated to Candidate Source / Training set. Hydrologically isolated from test and validation basins.
14005,WFRN,Mandovi/Khadepar,Ganjem,MAIN_BAS_4060030580_PFAF_454035,HYRIV_41302680_DOWN_41302782,82.85,880.0,15.4711,74.1,ISOLATED_GAUGE_14005,SOURCE_GAUGED_TRAIN,Allocated to Candidate Source / Training set. Hydrologically isolated from test and validation basins.
14008,WFRN,Purna,Mahuwa,MAIN_BAS_4060031220_PFAF_454039,HYRIV_41162586_DOWN_41163076,91.82,1995.0,21.0156,73.1394,ISOLATED_GAUGE_14008,SOURCE_GAUGED_TRAIN,Allocated to Candidate Source / Training set. Hydrologically isolated from test and validation basins.
14009,WFRN,Savitri/Kal,Mangaon (Seasonal),MAIN_BAS_4060030580_PFAF_454035,HYRIV_41237316_DOWN_41237851,67.4,259.0,18.2317,73.2833,ISOLATED_GAUGE_14009,SOURCE_GAUGED_TRAIN,Allocated to Candidate Source / Training set. Hydrologically isolated from test and validation basins.
14011,WFRN,Amba,Nagothane,MAIN_BAS_4060030580_PFAF_454035,HYRIV_41229701_DOWN_41229577,31.24,420.0,18.5192,73.1564,ISOLATED_GAUGE_14011,SOURCE_GAUGED_TRAIN,Allocated to Candidate Source / Training set. Hydrologically isolated from test and validation basins.
14012,WFRN,Damanganga,Nanipalson,MAIN_BAS_4060031220_PFAF_454039,HYRIV_41185301_DOWN_41185400,53.35,764.0,20.2033,73.2811,ISOLATED_GAUGE_14012,SOURCE_GAUGED_TRAIN,Allocated to Candidate Source / Training set. Hydrologically isolated from test and validation basins.
14014,WFRN,Wagh/Damanganga,Ozerkheda,MAIN_BAS_4060031220_PFAF_454039,HYRIV_41187874_DOWN_41187546,70.34,640.0,20.1111,73.2647,ISOLATED_GAUGE_14014,SOURCE_GAUGED_TRAIN,Allocated to Candidate Source / Training set. Hydrologically isolated from test and validation basins.
14015,WFRN,Bhogeswari,Pen,MAIN_BAS_4060030580_PFAF_454035,HYRIV_41223631_DOWN_41223286,31.36,125.0,18.7367,73.1108,ISOLATED_GAUGE_14015,SOURCE_GAUGED_TRAIN,Allocated to Candidate Source / Training set. Hydrologically isolated from test and validation basins.
15001,WFRS,Gurupur,Addoor,MAIN_BAS_4060029870_PFAF_454033,HYRIV_41350275_DOWN_41350350,34.46,688.0,12.9289,74.9539,ISOLATED_GAUGE_15001,SOURCE_GAUGED_TRAIN,Allocated to Candidate Source / Training set. Hydrologically isolated from test and validation basins.
15003,WFRS,Bharathapuzha/Kannadipuzha/Aliyar,Ambarampalayam,MAIN_BAS_4060029860_PFAF_454032,HYRIV_41384762_DOWN_41384722,95.0,950.0,10.6303,76.9461,COMP_26_WFRS_SIZE_4,SOURCE_GAUGED_TRAIN,Allocated to Candidate Source / Training set. Hydrologically isolated from test and validation basins.
15005,WFRS,Periyar/Chalakudy,Arangaly,MAIN_BAS_4060029810_PFAF_454020,HYRIV_41387954_DOWN_41388334,93.58,1342.0,10.2814,76.3153,ISOLATED_GAUGE_15005,SOURCE_GAUGED_TRAIN,Allocated to Candidate Source / Training set. Hydrologically isolated from test and validation basins.
15006,WFRS,Seetha,Avershe,MAIN_BAS_4060029870_PFAF_454033,HYRIV_41339646_DOWN_41340021,39.0,253.0,13.5214,74.88,ISOLATED_GAUGE_15006,SOURCE_GAUGED_TRAIN,Allocated to Candidate Source / Training set. Hydrologically isolated from test and validation basins.
15007,WFRS,Vamanapuram,Ayilam,MAIN_BAS_4060029530_PFAF_454010,HYRIV_41398391_DOWN_41398424,93.18,540.0,8.715,76.85,ISOLATED_GAUGE_15007,SOURCE_GAUGED_TRAIN,Allocated to Candidate Source / Training set. Hydrologically isolated from test and validation basins.
15008,WFRS,Nethravathi,Bantwal,MAIN_BAS_4060029870_PFAF_454033,HYRIV_41351163_DOWN_41351162,92.22,3184.0,12.8808,75.0411,ISOLATED_GAUGE_15008,SOURCE_GAUGED_TRAIN,Allocated to Candidate Source / Training set. Hydrologically isolated from test and validation basins.
15009,WFRS,Payaswani,Erinjipuzha,MAIN_BAS_4060029870_PFAF_454033,HYRIV_41358571_DOWN_41358570,81.48,957.0,12.4792,75.1472,ISOLATED_GAUGE_15009,SOURCE_GAUGED_TRAIN,Allocated to Candidate Source / Training set. Hydrologically isolated from test and validation basins.
15010,WFRS,Halady,Halady,MAIN_BAS_4060029870_PFAF_454033,HYRIV_41338493_DOWN_41338492,80.76,583.0,13.5817,74.8578,ISOLATED_GAUGE_15010,SOURCE_GAUGED_TRAIN,Allocated to Candidate Source / Training set. Hydrologically isolated from test and validation basins.
15011,WFRS,Muvattupuzha/Kaliyar,Kalampur,MAIN_BAS_4060029530_PFAF_454010,HYRIV_41390062_DOWN_41390035,77.61,405.0,9.9906,76.6322,COMP_33_WFRS_SIZE_2,SOURCE_GAUGED_TRAIN,Allocated to Candidate Source / Training set. Hydrologically isolated from test and validation basins.
15012,WFRS,Pampa/Manimala,Kallooppara,MAIN_BAS_4060029530_PFAF_454010,HYRIV_41394128_DOWN_41394199,80.12,731.0,9.4036,76.6503,ISOLATED_GAUGE_15012,SOURCE_GAUGED_TRAIN,Allocated to Candidate Source / Training set. Hydrologically isolated from test and validation basins.
15013,WFRS,Kadalundi,Karathodu,MAIN_BAS_4060029870_PFAF_454033,HYRIV_41380147_DOWN_41380064,76.39,750.0,11.0569,76.0394,ISOLATED_GAUGE_15013,SOURCE_GAUGED_TRAIN,Allocated to Candidate Source / Training set. Hydrologically isolated from test and validation basins.
15014,WFRS,Meenachil,Kidangoor,MAIN_BAS_4060029530_PFAF_454010,HYRIV_41392176_DOWN_41392222,80.9,615.0,9.6756,76.6056,ISOLATED_GAUGE_15014,SOURCE_GAUGED_TRAIN,Allocated to Candidate Source / Training set. Hydrologically isolated from test and validation basins.
15016,WFRS,Bharathapuzha,Kumbidi,MAIN_BAS_4060029860_PFAF_454032,HYRIV_41382375_DOWN_41382165,89.83,5755.0,10.85,76.02,COMP_26_WFRS_SIZE_4,SOURCE_GAUGED_TRAIN,Allocated to Candidate Source / Training set. Hydrologically isolated from test and validation basins.
15017,WFRS,Chaliyar,Kuniyil,MAIN_BAS_4060029870_PFAF_454033,HYRIV_41377582_DOWN_41377581,91.28,1876.0,11.2394,76.0233,ISOLATED_GAUGE_15017,SOURCE_GAUGED_TRAIN,Allocated to Candidate Source / Training set. Hydrologically isolated from test and validation basins.
15018,WFRS,Thambraparni,Kuzhithurai,MAIN_BAS_4060029530_PFAF_454010,HYRIV_41400540_DOWN_41400647,41.23,841.0,8.3053,77.1856,ISOLATED_GAUGE_15018,SOURCE_GAUGED_TRAIN,Allocated to Candidate Source / Training set. Hydrologically isolated from test and validation basins.
15019,WFRS,Pampa,Malakkara,MAIN_BAS_4060029530_PFAF_454010,HYRIV_41394507_DOWN_41394506,80.44,1713.0,9.3325,76.6631,ISOLATED_GAUGE_15019,SOURCE_GAUGED_TRAIN,Allocated to Candidate Source / Training set. Hydrologically isolated from test and validation basins.
15020,WFRS,Bharathapuzha,Mankara,MAIN_BAS_4060029860_PFAF_454032,HYRIV_41383332_DOWN_41383379,80.93,2775.0,10.7611,76.4861,COMP_26_WFRS_SIZE_4,SOURCE_GAUGED_TRAIN,Allocated to Candidate Source / Training set. Hydrologically isolated from test and validation basins.
15021,WFRS,Periyar,Neeleswaram,MAIN_BAS_4060029810_PFAF_454020,HYRIV_41388720_DOWN_41388719,94.57,4234.0,10.1833,76.5,COMP_40_WFRS_SIZE_2,SOURCE_GAUGED_TRAIN,Allocated to Candidate Source / Training set. Hydrologically isolated from test and validation basins.
15022,WFRS,Kallada,Pattazhy,MAIN_BAS_4060029530_PFAF_454010,HYRIV_41396254_DOWN_41396211,95.12,1210.0,9.0728,76.7611,ISOLATED_GAUGE_15022,SOURCE_GAUGED_TRAIN,Allocated to Candidate Source / Training set. Hydrologically isolated from test and validation basins.
15023,WFRS,Valapatnam,Perumannu,MAIN_BAS_4060029870_PFAF_454033,HYRIV_41367024_DOWN_41367230,81.08,1070.0,11.9814,75.5875,ISOLATED_GAUGE_15023,SOURCE_GAUGED_TRAIN,Allocated to Candidate Source / Training set. Hydrologically isolated from test and validation basins.
15024,WFRS,Bharathapuzha/Pulanthodu,Pulamanthole,MAIN_BAS_4060029860_PFAF_454032,HYRIV_41381719_DOWN_41381678,79.61,940.0,10.8992,76.1972,COMP_26_WFRS_SIZE_4,SOURCE_GAUGED_TRAIN,Allocated to Candidate Source / Training set. Hydrologically isolated from test and validation basins.
15026,WFRS,Muvattupuzha,Ramamangalam,MAIN_BAS_4060029530_PFAF_454010,HYRIV_41391002_DOWN_41391001,94.42,1208.0,9.845,76.4667,COMP_33_WFRS_SIZE_2,SOURCE_GAUGED_TRAIN,Allocated to Candidate Source / Training set. Hydrologically isolated from test and validation basins.
15030,WFRS,Pamba/Achankovil,Thumpamon,MAIN_BAS_4060029530_PFAF_454010,HYRIV_41395349_DOWN_41395275,93.59,810.0,9.2325,76.7147,ISOLATED_GAUGE_15030,SOURCE_GAUGED_TRAIN,Allocated to Candidate Source / Training set. Hydrologically isolated from test and validation basins.
15031,WFRS,Periyar,Vandiperiyar,MAIN_BAS_4060029810_PFAF_454020,HYRIV_41392828_DOWN_41392800,43.51,712.0,9.5733,77.0908,COMP_40_WFRS_SIZE_2,SOURCE_GAUGED_TRAIN,Allocated to Candidate Source / Training set. Hydrologically isolated from test and validation basins.
15032,WFRS,Swarna,Yennehole,MAIN_BAS_4060029870_PFAF_454033,HYRIV_41343752_DOWN_41343581,70.67,327.0,13.2942,74.9806,ISOLATED_GAUGE_15032,SOURCE_GAUGED_TRAIN,Allocated to Candidate Source / Training set. Hydrologically isolated from test and validation basins.
16001,EFRN,Sarada,Anakapalle,MAIN_BAS_4060027490_PFAF_453309,HYRIV_41252015_DOWN_41252638,65.24,2090.0,17.7,82.9953,ISOLATED_GAUGE_16001,SOURCE_GAUGED_TRAIN,Allocated to Candidate Source / Training set. Hydrologically isolated from test and validation basins.
16004,EFRN,Vamsadhara,Gunupur,MAIN_BAS_4060027460_PFAF_453306,HYRIV_41214393_DOWN_41214509,55.49,6740.0,19.0833,83.8056,COMP_46_EFRN_SIZE_2,SOURCE_GAUGED_TRAIN,Allocated to Candidate Source / Training set. Hydrologically isolated from test and validation basins.
16007,EFRN,Vamsadhara,Kashinagar,MAIN_BAS_4060027460_PFAF_453306,HYRIV_41220827_DOWN_41221449,93.21,7820.0,18.8483,83.8731,COMP_46_EFRN_SIZE_2,SOURCE_GAUGED_TRAIN,Allocated to Candidate Source / Training set. Hydrologically isolated from test and validation basins.
16012,EFRN,Rushikulya,Purushottampur,MAIN_BAS_4060027300_PFAF_453304,HYRIV_41203894_DOWN_41204499,66.46,7112.0,19.5167,84.8833,ISOLATED_GAUGE_16012,SOURCE_GAUGED_TRAIN,Allocated to Candidate Source / Training set. Hydrologically isolated from test and validation basins.
16014,EFRN,Nagavali,Srikakulam,MAIN_BAS_4060027480_PFAF_453308,HYRIV_41236206_DOWN_41237262,69.1,9500.0,18.3133,83.8842,ISOLATED_GAUGE_16014,SOURCE_GAUGED_TRAIN,Allocated to Candidate Source / Training set. Hydrologically isolated from test and validation basins.
17001,EFRS,Vaigai,Ambasamudram,MAIN_BAS_4060029250_PFAF_453902,HYRIV_41390505_DOWN_41390346,44.62,850.0,9.9256,77.5117,COMP_49_EFRS_SIZE_3,SOURCE_GAUGED_TRAIN,Allocated to Candidate Source / Training set. Hydrologically isolated from test and validation basins.
17003,EFRS,Palar,Avarankuppam,MAIN_BAS_4060028550_PFAF_453760,HYRIV_41354854_DOWN_41354929,90.02,3300.0,12.6842,78.5394,COMP_50_EFRS_SIZE_2,SOURCE_GAUGED_TRAIN,Allocated to Candidate Source / Training set. Hydrologically isolated from test and validation basins.
17005,EFRS,Palar,Chengalpet,MAIN_BAS_4060028550_PFAF_453760,HYRIV_41355465_DOWN_41355964,43.12,16230.0,12.65,79.9472,COMP_50_EFRS_SIZE_2,SOURCE_GAUGED_TRAIN,Allocated to Candidate Source / Training set. Hydrologically isolated from test and validation basins.
17006,EFRS,Ponnaiyar,Gummanur,MAIN_BAS_4060028670_PFAF_453780,HYRIV_41357499_DOWN_41358018,94.9,4620.0,12.555,78.1386,COMP_51_EFRS_SIZE_3,SOURCE_GAUGED_TRAIN,Allocated to Candidate Source / Training set. Hydrologically isolated from test and validation basins.
17007,EFRS,VVaigai/Vaippar,Irrukkankudi,MAIN_BAS_4060029360_PFAF_453906,HYRIV_41394876_DOWN_41394914,66.93,3721.0,9.3239,77.9903,ISOLATED_GAUGE_17007,SOURCE_GAUGED_TRAIN,Allocated to Candidate Source / Training set. Hydrologically isolated from test and validation basins.
17009,EFRS,Vellar,Kudalaiyathur,MAIN_BAS_4060028680_PFAF_453790,HYRIV_41375445_DOWN_41375206,65.0,7890.0,11.4222,79.4722,ISOLATED_GAUGE_17009,SOURCE_GAUGED_TRAIN,Allocated to Candidate Source / Training set. Hydrologically isolated from test and validation basins.
17011,EFRS,Tambraparni,Murappanadu,MAIN_BAS_4060029440_PFAF_453908,HYRIV_41398645_DOWN_41398740,93.88,4380.0,8.7144,77.835,ISOLATED_GAUGE_17011,SOURCE_GAUGED_TRAIN,Allocated to Candidate Source / Training set. Hydrologically isolated from test and validation basins.
17012,EFRS,Swarnamukhi,Naidupet,MAIN_BAS_4060028210_PFAF_453750,HYRIV_41332728_DOWN_41331006,89.86,2650.0,13.9472,79.8972,ISOLATED_GAUGE_17012,SOURCE_GAUGED_TRAIN,Allocated to Candidate Source / Training set. Hydrologically isolated from test and validation basins.
17015,EFRS,Vaigai,Paramakudi,MAIN_BAS_4060029250_PFAF_453902,HYRIV_41393136_DOWN_41393399,91.33,6796.0,9.5531,78.5861,COMP_49_EFRS_SIZE_3,SOURCE_GAUGED_TRAIN,Allocated to Candidate Source / Training set. Hydrologically isolated from test and validation basins.
17019,EFRS,Vaigai/Suruliar,Theni,MAIN_BAS_4060029250_PFAF_453902,HYRIV_41390009_DOWN_41389986,94.33,1200.0,10.0011,77.485,COMP_49_EFRS_SIZE_3,SOURCE_GAUGED_TRAIN,Allocated to Candidate Source / Training set. Hydrologically isolated from test and validation basins.
17022,EFRS,Ponnaiyar,Vazhavachanur,MAIN_BAS_4060028670_PFAF_453780,HYRIV_41366097_DOWN_41366413,90.83,10780.0,12.0658,78.9781,COMP_51_EFRS_SIZE_3,SOURCE_GAUGED_TRAIN,Allocated to Candidate Source / Training set. Hydrologically isolated from test and validation basins.
17024,EFRS,Ponnaiyar,Villupuram,MAIN_BAS_4060028670_PFAF_453780,HYRIV_41368822_DOWN_41369074,89.2,12900.0,11.8706,79.4594,COMP_51_EFRS_SIZE_3,SOURCE_GAUGED_TRAIN,Allocated to Candidate Source / Training set. Hydrologically isolated from test and validation basins.
