standard_gauge_id,raw_attribute_id,raw_forcing_file,raw_streamflow_col,raw_shapefile_id,HYRIV_ID,HYBAS_L12,HYBAS_L06_ID,PFAF_ID_L06,MAIN_BAS,partition,match_status
03001,3001,03001.csv,3001,03001,,,,,,EXCLUDED,PARTIAL_OR_UNMATCHED
03002,3002,03002.csv,3002,03002,41208575.0,4121056660.0,4061057510.0,453448.0,4060027780.0,TRAIN,VERIFIED_MATCH
03003,3003,03003.csv,3003,03003,,,,,,EXCLUDED,PARTIAL_OR_UNMATCHED
03004,3004,03004.csv,3004,03004,,,,,,EXCLUDED,PARTIAL_OR_UNMATCHED
03005,3005,03005.csv,3005,03005,41199253.0,4121051450.0,4061051450.0,453464.0,4060027780.0,TRAIN,VERIFIED_MATCH
03006,3006,03006.csv,3006,03006,,,,,,EXCLUDED,PARTIAL_OR_UNMATCHED
03007,3007,03007.csv,3007,03007,,,,,,EXCLUDED,PARTIAL_OR_UNMATCHED
03008,3008,03008.csv,3008,03008,41195109.0,4121048370.0,4061051540.0,453465.0,4060027780.0,TRAIN,VERIFIED_MATCH
03009,3009,03009.csv,3009,03009,41224987.0,4121066260.0,4061066200.0,453482.0,4060027780.0,TRAIN,VERIFIED_MATCH
03010,3010,03010.csv,3010,03010,,,,,,EXCLUDED,PARTIAL_OR_UNMATCHED
03011,3011,03011.csv,3011,03011,,,,,,EXCLUDED,PARTIAL_OR_UNMATCHED
03012,3012,03012.csv,3012,03012,,,,,,EXCLUDED,PARTIAL_OR_UNMATCHED
03013,3013,03013.csv,3013,03013,41207603.0,4121560080.0,4061057220.0,453462.0,4060027780.0,TRAIN,VERIFIED_MATCH
03014,3014,03014.csv,3014,03014,41161192.0,4121027050.0,4061045970.0,453466.0,4060027780.0,TRAIN,VERIFIED_MATCH
03015,3015,03015.csv,3015,03015,,,,,,EXCLUDED,PARTIAL_OR_UNMATCHED
03016,3016,03016.csv,3016,03016,,,,,,EXCLUDED,PARTIAL_OR_UNMATCHED
03017,3017,03017.csv,3017,03017,41199670.0,4121052160.0,4061056950.0,453446.0,4060027780.0,TRAIN,VERIFIED_MATCH
03018,3018,03018.csv,3018,03018,41214156.0,4121059320.0,4061054030.0,453445.0,4060027780.0,TRAIN,VERIFIED_MATCH
03019,3019,03019.csv,3019,03019,41229041.0,4121564470.0,4061066970.0,453484.0,4060027780.0,TRAIN,VERIFIED_MATCH
03020,3020,03020.csv,3020,03020,41210588.0,4121561360.0,4061059140.0,453493.0,4060027780.0,TRAIN,VERIFIED_MATCH
03021,3021,03021.csv,3021,03021,,,,,,EXCLUDED,PARTIAL_OR_UNMATCHED
03022,3022,03022.csv,3022,03022,,,,,,EXCLUDED,PARTIAL_OR_UNMATCHED
03023,3023,03023.csv,3023,03023,,,,,,EXCLUDED,PARTIAL_OR_UNMATCHED
03024,3024,03024.csv,3024,03024,41221312.0,4121063120.0,4061061360.0,453476.0,4060027780.0,TRAIN,VERIFIED_MATCH
03025,3025,03025.csv,3025,03025,,,,,,EXCLUDED,PARTIAL_OR_UNMATCHED
03026,3026,03026.csv,3026,03026,,,,,,EXCLUDED,PARTIAL_OR_UNMATCHED
03027,3027,03027.csv,3027,03027,,,,,,EXCLUDED,PARTIAL_OR_UNMATCHED
03028,3028,03028.csv,3028,03028,41192278.0,4121045630.0,4061045970.0,453466.0,4060027780.0,TRAIN,VERIFIED_MATCH
03029,3029,03029.csv,3029,03029,41215824.0,4121060530.0,4061059140.0,453493.0,4060027780.0,TRAIN,VERIFIED_MATCH
03030,3030,03030.csv,3030,03030,41176031.0,4121036500.0,4061045970.0,453466.0,4060027780.0,TRAIN,VERIFIED_MATCH
03031,3031,03031.csv,3031,03031,41213414.0,4121059170.0,4061057570.0,453449.0,4060027780.0,TRAIN,VERIFIED_MATCH
03032,3032,03032.csv,3032,03032,,,,,,EXCLUDED,PARTIAL_OR_UNMATCHED
03033,3033,03033.csv,3033,03033,,,,,,EXCLUDED,PARTIAL_OR_UNMATCHED
03034,3034,03034.csv,3034,03034,,,,,,EXCLUDED,PARTIAL_OR_UNMATCHED
03035,3035,03035.csv,3035,03035,,,,,,EXCLUDED,PARTIAL_OR_UNMATCHED
03036,3036,03036.csv,3036,03036,,,,,,EXCLUDED,PARTIAL_OR_UNMATCHED
03037,3037,03037.csv,3037,03037,,,,,,EXCLUDED,PARTIAL_OR_UNMATCHED
03038,3038,03038.csv,3038,03038,41191314.0,4121555550.0,4061045960.0,453469.0,4060027780.0,TRAIN,VERIFIED_MATCH
03039,3039,03039.csv,3039,03039,,,,,,EXCLUDED,PARTIAL_OR_UNMATCHED
03040,3040,03040.csv,3040,03040,41110770.0,4120998310.0,4061051450.0,453464.0,4060027780.0,TRAIN,VERIFIED_MATCH
03041,3041,03041.csv,3041,03041,,,,,,EXCLUDED,PARTIAL_OR_UNMATCHED
03042,3042,03042.csv,3042,03042,,,,,,EXCLUDED,PARTIAL_OR_UNMATCHED
03043,3043,03043.csv,3043,03043,41256505.0,4121570860.0,4060027780.0,453410.0,4060027780.0,TRAIN,VERIFIED_MATCH
03044,3044,03044.csv,3044,03044,,,,,,EXCLUDED,PARTIAL_OR_UNMATCHED
03045,3045,03045.csv,3045,03045,41248751.0,4121078750.0,4061081260.0,453420.0,4060027780.0,TRAIN,VERIFIED_MATCH
03046,3046,03046.csv,3046,03046,,,,,,EXCLUDED,PARTIAL_OR_UNMATCHED
03047,3047,03047.csv,3047,03047,41209564.0,4121058850.0,4061057570.0,453449.0,4060027780.0,TRAIN,VERIFIED_MATCH
03048,3048,03048.csv,3048,03048,41132962.0,4121541200.0,4061051450.0,453464.0,4060027780.0,TRAIN,VERIFIED_MATCH
03049,3049,03049.csv,3049,03049,,,,,,EXCLUDED,PARTIAL_OR_UNMATCHED
03050,3050,03050.csv,3050,03050,,,,,,EXCLUDED,PARTIAL_OR_UNMATCHED
03051,3051,03051.csv,3051,03051,,,,,,EXCLUDED,PARTIAL_OR_UNMATCHED
03052,3052,03052.csv,3052,03052,,,,,,EXCLUDED,PARTIAL_OR_UNMATCHED
03053,3053,03053.csv,3053,03053,,,,,,EXCLUDED,PARTIAL_OR_UNMATCHED
03054,3054,03054.csv,3054,03054,,,,,,EXCLUDED,PARTIAL_OR_UNMATCHED
03055,3055,03055.csv,3055,03055,41220808.0,4121562930.0,4061065520.0,453473.0,4060027780.0,TRAIN,VERIFIED_MATCH
03056,3056,03056.csv,3056,03056,41186150.0,4121041820.0,4061045910.0,453468.0,4060027780.0,TRAIN,VERIFIED_MATCH
03057,3057,03057.csv,3057,03057,41208804.0,4121054090.0,4061054030.0,453445.0,4060027780.0,TRAIN,VERIFIED_MATCH
03058,3058,03058.csv,3058,03058,,,,,,EXCLUDED,PARTIAL_OR_UNMATCHED
03059,3059,03059.csv,3059,03059,,,,,,EXCLUDED,PARTIAL_OR_UNMATCHED
03060,3060,03060.csv,3060,03060,,,,,,EXCLUDED,PARTIAL_OR_UNMATCHED
03061,3061,03061.csv,3061,03061,,,,,,EXCLUDED,PARTIAL_OR_UNMATCHED
03062,3062,03062.csv,3062,03062,,,,,,EXCLUDED,PARTIAL_OR_UNMATCHED
03063,3063,03063.csv,3063,03063,,,,,,EXCLUDED,PARTIAL_OR_UNMATCHED
03064,3064,03064.csv,3064,03064,41177411.0,4121037330.0,4061045970.0,453466.0,4060027780.0,TRAIN,VERIFIED_MATCH
03065,3065,03065.csv,3065,03065,,,,,,EXCLUDED,PARTIAL_OR_UNMATCHED
03066,3066,03066.csv,3066,03066,,,,,,EXCLUDED,PARTIAL_OR_UNMATCHED
03067,3067,03067.csv,3067,03067,,,,,,EXCLUDED,PARTIAL_OR_UNMATCHED
03068,3068,03068.csv,3068,03068,41211362.0,4121057940.0,4061057570.0,453449.0,4060027780.0,TRAIN,VERIFIED_MATCH
03069,3069,03069.csv,3069,03069,41202197.0,4121052130.0,4061050830.0,453498.0,4060027780.0,TRAIN,VERIFIED_MATCH
03070,3070,03070.csv,3070,03070,,,,,,EXCLUDED,PARTIAL_OR_UNMATCHED
03071,3071,03071.csv,3071,03071,41221434.0,4121063780.0,4061065170.0,453441.0,4060027780.0,TRAIN,VERIFIED_MATCH
03072,3072,03072.csv,3072,03072,41169277.0,4121549820.0,4061051450.0,453464.0,4060027780.0,TRAIN,VERIFIED_MATCH
03073,3073,03073.csv,3073,03073,41228047.0,4121068000.0,4061081310.0,453430.0,4060027780.0,TRAIN,VERIFIED_MATCH
03074,3074,03074.csv,3074,03074,41195105.0,4121047590.0,4061046020.0,453467.0,4060027780.0,TRAIN,VERIFIED_MATCH
03075,3075,03075.csv,3075,03075,41262275.0,4121085600.0,4060027780.0,453410.0,4060027780.0,TRAIN,VERIFIED_MATCH
03076,3076,03076.csv,3076,03076,41238436.0,4121073430.0,4061081260.0,453420.0,4060027780.0,TRAIN,VERIFIED_MATCH
03077,3077,03077.csv,3077,03077,,,,,,EXCLUDED,PARTIAL_OR_UNMATCHED
03078,3078,03078.csv,3078,03078,,,,,,EXCLUDED,PARTIAL_OR_UNMATCHED
03079,3079,03079.csv,3079,03079,41212212.0,4121058400.0,4061059070.0,453492.0,4060027780.0,TRAIN,VERIFIED_MATCH
03080,3080,03080.csv,3080,03080,,,,,,EXCLUDED,PARTIAL_OR_UNMATCHED
03081,3081,03081.csv,3081,03081,41142975.0,4121015600.0,4061051450.0,453464.0,4060027780.0,TRAIN,VERIFIED_MATCH
03082,3082,03082.csv,3082,03082,41185634.0,4121554700.0,4061051450.0,453464.0,4060027780.0,TRAIN,VERIFIED_MATCH
03083,3083,03083.csv,3083,03083,41139455.0,4121014300.0,4061051450.0,453464.0,4060027780.0,TRAIN,VERIFIED_MATCH
03084,3084,03084.csv,3084,03084,,,,,,EXCLUDED,PARTIAL_OR_UNMATCHED
03085,3085,03085.csv,3085,03085,41241512.0,4121074330.0,4061074330.0,453487.0,4060027780.0,TRAIN,VERIFIED_MATCH
03086,3086,03086.csv,3086,03086,,,,,,EXCLUDED,PARTIAL_OR_UNMATCHED
03087,3087,03087.csv,3087,03087,41201778.0,4121051610.0,4061051540.0,453465.0,4060027780.0,TRAIN,VERIFIED_MATCH
03088,3088,03088.csv,3088,03088,,,,,,EXCLUDED,PARTIAL_OR_UNMATCHED
03089,3089,03089.csv,3089,03089,41165797.0,4121030500.0,4061051450.0,453464.0,4060027780.0,TRAIN,VERIFIED_MATCH
03090,3090,03090.csv,3090,03090,,,,,,EXCLUDED,PARTIAL_OR_UNMATCHED
03091,3091,03091.csv,3091,03091,41254449.0,4121080880.0,4061081310.0,453430.0,4060027780.0,TRAIN,VERIFIED_MATCH
03092,3092,03092.csv,3092,03092,41226705.0,4121066710.0,4061081260.0,453420.0,4060027780.0,TRAIN,VERIFIED_MATCH
03093,3093,03093.csv,3093,03093,,,,,,EXCLUDED,PARTIAL_OR_UNMATCHED
03094,3094,03094.csv,3094,03094,41156603.0,4121024790.0,4061051450.0,453464.0,4060027780.0,TRAIN,VERIFIED_MATCH
03095,3095,03095.csv,3095,03095,,,,,,EXCLUDED,PARTIAL_OR_UNMATCHED
03096,3096,03096.csv,3096,03096,,,,,,EXCLUDED,PARTIAL_OR_UNMATCHED
03097,3097,03097.csv,3097,03097,,,,,,EXCLUDED,PARTIAL_OR_UNMATCHED
03098,3098,03098.csv,3098,03098,41228046.0,4121066700.0,4061065530.0,453472.0,4060027780.0,TRAIN,VERIFIED_MATCH
03099,3099,03099.csv,3099,03099,41209016.0,4121056750.0,4061057510.0,453448.0,4060027780.0,TRAIN,VERIFIED_MATCH
03100,3100,03100.csv,3100,03100,,,,,,EXCLUDED,PARTIAL_OR_UNMATCHED
03101,3101,03101.csv,3101,03101,,,,,,EXCLUDED,PARTIAL_OR_UNMATCHED
03102,3102,03102.csv,3102,03102,,,,,,EXCLUDED,PARTIAL_OR_UNMATCHED
03103,3103,03103.csv,3103,03103,41217271.0,4121061260.0,4061063700.0,453461.0,4060027780.0,TRAIN,VERIFIED_MATCH
03104,3104,03104.csv,3104,03104,,,,,,EXCLUDED,PARTIAL_OR_UNMATCHED
03105,3105,03105.csv,3105,03105,41217062.0,4121060570.0,4061054030.0,453445.0,4060027780.0,TRAIN,VERIFIED_MATCH
03106,3106,03106.csv,3106,03106,,,,,,EXCLUDED,PARTIAL_OR_UNMATCHED
03107,3107,03107.csv,3107,03107,41179673.0,4121038690.0,4061051450.0,453464.0,4060027780.0,TRAIN,VERIFIED_MATCH
03108,3108,03108.csv,3108,03108,,,,,,EXCLUDED,PARTIAL_OR_UNMATCHED
03109,3109,03109.csv,3109,03109,41215371.0,4121060630.0,4061063670.0,453491.0,4060027780.0,TRAIN,VERIFIED_MATCH
03110,3110,03110.csv,3110,03110,41206341.0,4121559800.0,4061059070.0,453492.0,4060027780.0,TRAIN,VERIFIED_MATCH
04001,4001,04001.csv,4001,04001,,,,,,EXCLUDED,PARTIAL_OR_UNMATCHED
04002,4002,04002.csv,4002,04002,,,,,,EXCLUDED,PARTIAL_OR_UNMATCHED
04003,4003,04003.csv,4003,04003,41273990.0,4121091250.0,4061097120.0,453667.0,4060027940.0,TRAIN,VERIFIED_MATCH
04004,4004,04004.csv,4004,04004,41294757.0,4121102420.0,4061103020.0,453643.0,4060027940.0,TRAIN,VERIFIED_MATCH
04005,4005,04005.csv,4005,04005,41321952.0,4121117960.0,4061113150.0,453649.0,4060027940.0,TRAIN,VERIFIED_MATCH
04006,4006,04006.csv,4006,04006,41295281.0,4121102480.0,4061098720.0,453664.0,4060027940.0,TRAIN,VERIFIED_MATCH
04007,4007,04007.csv,4007,04007,41275919.0,4121092490.0,4061092490.0,453620.0,4060027940.0,TRAIN,VERIFIED_MATCH
04008,4008,04008.csv,4008,04008,,,,,,EXCLUDED,PARTIAL_OR_UNMATCHED
04009,4009,04009.csv,4009,04009,,,,,,EXCLUDED,PARTIAL_OR_UNMATCHED
04010,4010,04010.csv,4010,04010,,,,,,EXCLUDED,PARTIAL_OR_UNMATCHED
04011,4011,04011.csv,4011,04011,,,,,,EXCLUDED,PARTIAL_OR_UNMATCHED
04012,4012,04012.csv,4012,04012,41274299.0,4121091380.0,4061092530.0,453630.0,4060027940.0,TRAIN,VERIFIED_MATCH
04013,4013,04013.csv,4013,04013,41314916.0,4121113820.0,4061113150.0,453649.0,4060027940.0,TRAIN,VERIFIED_MATCH
04014,4014,04014.csv,4014,04014,,,,,,EXCLUDED,PARTIAL_OR_UNMATCHED
04015,4015,04015.csv,4015,04015,41331851.0,4121123320.0,4061113150.0,453649.0,4060027940.0,TRAIN,VERIFIED_MATCH
04016,4016,04016.csv,4016,04016,41325959.0,4121120150.0,4061113150.0,453649.0,4060027940.0,TRAIN,VERIFIED_MATCH
04017,4017,04017.csv,4017,04017,41281352.0,4121094550.0,4061096410.0,453661.0,4060027940.0,TRAIN,VERIFIED_MATCH
04018,4018,04018.csv,4018,04018,41262058.0,4121085430.0,4061096370.0,453670.0,4060027940.0,TRAIN,VERIFIED_MATCH
04019,4019,04019.csv,4019,04019,41286806.0,4121578020.0,4061101500.0,453650.0,4060027940.0,TRAIN,VERIFIED_MATCH
04020,4020,04020.csv,4020,04020,,,,,,EXCLUDED,PARTIAL_OR_UNMATCHED
04021,4021,04021.csv,4021,04021,41261414.0,4121086460.0,4061097120.0,453667.0,4060027940.0,TRAIN,VERIFIED_MATCH
04022,4022,04022.csv,4022,04022,41277862.0,4121093250.0,4060027940.0,453610.0,4060027940.0,TRAIN,VERIFIED_MATCH
04023,4023,04023.csv,4023,04023,41335515.0,4121126120.0,4061103970.0,453644.0,4060027940.0,TRAIN,VERIFIED_MATCH
04024,4024,04024.csv,4024,04024,41261777.0,4121085100.0,4061083880.0,453691.0,4060027940.0,TRAIN,VERIFIED_MATCH
04025,4025,04025.csv,4025,04025,41320803.0,4121118050.0,4061113150.0,453649.0,4060027940.0,TRAIN,VERIFIED_MATCH
04026,4026,04026.csv,4026,04026,41276735.0,4121093850.0,4061097120.0,453667.0,4060027940.0,TRAIN,VERIFIED_MATCH
04027,4027,04027.csv,4027,04027,,,,,,EXCLUDED,PARTIAL_OR_UNMATCHED
04028,4028,04028.csv,4028,04028,41271218.0,4121090670.0,4060027940.0,453610.0,4060027940.0,TRAIN,VERIFIED_MATCH
04029,4029,04029.csv,4029,04029,,,,,,EXCLUDED,PARTIAL_OR_UNMATCHED
04030,4030,04030.csv,4030,04030,41263654.0,4121086200.0,4061096370.0,453670.0,4060027940.0,TRAIN,VERIFIED_MATCH
04031,4031,04031.csv,4031,04031,41293659.0,4121101810.0,4061103020.0,453643.0,4060027940.0,TRAIN,VERIFIED_MATCH
04032,4032,04032.csv,4032,04032,41312592.0,4121113080.0,4061113080.0,453648.0,4060027940.0,TRAIN,VERIFIED_MATCH
04033,4033,04033.csv,4033,04033,,,,,,EXCLUDED,PARTIAL_OR_UNMATCHED
04034,4034,04034.csv,4034,04034,,,,,,EXCLUDED,PARTIAL_OR_UNMATCHED
04035,4035,04035.csv,4035,04035,,,,,,EXCLUDED,PARTIAL_OR_UNMATCHED
04036,4036,04036.csv,4036,04036,,,,,,EXCLUDED,PARTIAL_OR_UNMATCHED
04037,4037,04037.csv,4037,04037,,,,,,EXCLUDED,PARTIAL_OR_UNMATCHED
04038,4038,04038.csv,4038,04038,41243951.0,4121076330.0,4061080660.0,453693.0,4060027940.0,TRAIN,VERIFIED_MATCH
04039,4039,04039.csv,4039,04039,41300854.0,4121105070.0,4061098720.0,453664.0,4060027940.0,TRAIN,VERIFIED_MATCH
04040,4040,04040.csv,4040,04040,41302329.0,4121106810.0,4061103960.0,453645.0,4060027940.0,TRAIN,VERIFIED_MATCH
04041,4041,04041.csv,4041,04041,41271216.0,4121089820.0,4060027940.0,453610.0,4060027940.0,TRAIN,VERIFIED_MATCH
04042,4042,04042.csv,4042,04042,,,,,,EXCLUDED,PARTIAL_OR_UNMATCHED
04043,4043,04043.csv,4043,04043,,,,,,EXCLUDED,PARTIAL_OR_UNMATCHED
04044,4044,04044.csv,4044,04044,41225551.0,4121066780.0,4061067500.0,453699.0,4060027940.0,TRAIN,VERIFIED_MATCH
04045,4045,04045.csv,4045,04045,,,,,,EXCLUDED,PARTIAL_OR_UNMATCHED
04046,4046,04046.csv,4046,04046,,,,,,EXCLUDED,PARTIAL_OR_UNMATCHED
04047,4047,04047.csv,4047,04047,41279575.0,4121576280.0,4061097120.0,453667.0,4060027940.0,TRAIN,VERIFIED_MATCH
04048,4048,04048.csv,4048,04048,41272276.0,4121090340.0,4061097120.0,453667.0,4060027940.0,TRAIN,VERIFIED_MATCH
04049,4049,04049.csv,4049,04049,41245935.0,4121076080.0,4061076080.0,453694.0,4060027940.0,TRAIN,VERIFIED_MATCH
04050,4050,04050.csv,4050,04050,41331930.0,4121124220.0,4061113150.0,453649.0,4060027940.0,TRAIN,VERIFIED_MATCH
04051,4051,04051.csv,4051,04051,41259417.0,4121083700.0,4061083880.0,453691.0,4060027940.0,TRAIN,VERIFIED_MATCH
04052,4052,04052.csv,4052,04052,,,,,,EXCLUDED,PARTIAL_OR_UNMATCHED
04053,4053,04053.csv,4053,04053,,,,,,EXCLUDED,PARTIAL_OR_UNMATCHED
04054,4054,04054.csv,4054,04054,41258965.0,4121083880.0,4061083880.0,453691.0,4060027940.0,TRAIN,VERIFIED_MATCH
04055,4055,04055.csv,4055,04055,41281768.0,4121095850.0,4061097880.0,453662.0,4060027940.0,TRAIN,VERIFIED_MATCH
04056,4056,04056.csv,4056,04056,41277060.0,4121092460.0,4061097120.0,453667.0,4060027940.0,TRAIN,VERIFIED_MATCH
04057,4057,04057.csv,4057,04057,41299688.0,4121103970.0,4061103970.0,453644.0,4060027940.0,TRAIN,VERIFIED_MATCH
04058,4058,04058.csv,4058,04058,,,,,,EXCLUDED,PARTIAL_OR_UNMATCHED
04059,4059,04059.csv,4059,04059,,,,,,EXCLUDED,PARTIAL_OR_UNMATCHED
04060,4060,04060.csv,4060,04060,41281665.0,4121577130.0,4060027940.0,453610.0,4060027940.0,TRAIN,VERIFIED_MATCH
04061,4061,04061.csv,4061,04061,41255399.0,4121082110.0,4061083890.0,453680.0,4060027940.0,TRAIN,VERIFIED_MATCH
04062,4062,04062.csv,4062,04062,41274194.0,4121090870.0,4060027940.0,453610.0,4060027940.0,TRAIN,VERIFIED_MATCH
04063,4063,04063.csv,4063,04063,41261872.0,4121085090.0,4061085090.0,453669.0,4060027940.0,TRAIN,VERIFIED_MATCH
04064,4064,04064.csv,4064,04064,41276019.0,4121575750.0,4061096370.0,453670.0,4060027940.0,TRAIN,VERIFIED_MATCH
05001,5001,05001.csv,5001,05001,41356486.0,4121137250.0,4061140240.0,453809.0,4060028760.0,VAL,VERIFIED_MATCH
05002,5002,05002.csv,5002,05002,41363905.0,4121141040.0,4061145690.0,453805.0,4060028760.0,VAL,VERIFIED_MATCH
05003,5003,05003.csv,5003,05003,,,,,,EXCLUDED,PARTIAL_OR_UNMATCHED
05004,5004,05004.csv,5004,05004,41380311.0,4121148240.0,4061148790.0,453803.0,4060028760.0,VAL,VERIFIED_MATCH
05005,5005,05005.csv,5005,05005,41364916.0,4121141050.0,4061145690.0,453805.0,4060028760.0,VAL,VERIFIED_MATCH
05006,5006,05006.csv,5006,05006,,,,,,EXCLUDED,PARTIAL_OR_UNMATCHED
05007,5007,05007.csv,5007,05007,41361105.0,4121139160.0,4061140240.0,453809.0,4060028760.0,VAL,VERIFIED_MATCH
05008,5008,05008.csv,5008,05008,41379794.0,4121148180.0,4061148790.0,453803.0,4060028760.0,VAL,VERIFIED_MATCH
05009,5009,05009.csv,5009,05009,,,,,,EXCLUDED,PARTIAL_OR_UNMATCHED
05010,5010,05010.csv,5010,05010,41358186.0,4121137440.0,4061140240.0,453809.0,4060028760.0,VAL,VERIFIED_MATCH
05011,5011,05011.csv,5011,05011,,,,,,EXCLUDED,PARTIAL_OR_UNMATCHED
05012,5012,05012.csv,5012,05012,41381368.0,4121149000.0,4060028760.0,453801.0,4060028760.0,VAL,VERIFIED_MATCH
05013,5013,05013.csv,5013,05013,41369721.0,4121142980.0,4061140230.0,453808.0,4060028760.0,VAL,VERIFIED_MATCH
05014,5014,05014.csv,5014,05014,41381931.0,4121148940.0,4061148830.0,453802.0,4060028760.0,VAL,VERIFIED_MATCH
05015,5015,05015.csv,5015,05015,41377082.0,4121146630.0,4061145720.0,453804.0,4060028760.0,VAL,VERIFIED_MATCH
05016,5016,05016.csv,5016,05016,,,,,,EXCLUDED,PARTIAL_OR_UNMATCHED
05017,5017,05017.csv,5017,05017,41350355.0,4121134970.0,4061140240.0,453809.0,4060028760.0,VAL,VERIFIED_MATCH
05018,5018,05018.csv,5018,05018,41374051.0,4121145420.0,4061145720.0,453804.0,4060028760.0,VAL,VERIFIED_MATCH
05019,5019,05019.csv,5019,05019,,,,,,EXCLUDED,PARTIAL_OR_UNMATCHED
05020,5020,05020.csv,5020,05020,,,,,,OPERATIONAL_UNGAUGED_DEMO,PARTIAL_OR_UNMATCHED
05021,5021,05021.csv,5021,05021,41358445.0,4121138640.0,4061145690.0,453805.0,4060028760.0,VAL,VERIFIED_MATCH
05022,5022,05022.csv,5022,05022,41373430.0,4121595610.0,4061145720.0,453804.0,4060028760.0,VAL,VERIFIED_MATCH
05023,5023,05023.csv,5023,05023,41374105.0,4121145200.0,4061145690.0,453805.0,4060028760.0,VAL,VERIFIED_MATCH
05024,5024,05024.csv,5024,05024,41349308.0,4121133440.0,4061140240.0,453809.0,4060028760.0,VAL,VERIFIED_MATCH
05025,5025,05025.csv,5025,05025,41367686.0,4121594690.0,4061145690.0,453805.0,4060028760.0,VAL,VERIFIED_MATCH
05026,5026,05026.csv,5026,05026,,,,,,EXCLUDED,PARTIAL_OR_UNMATCHED
05027,5027,05027.csv,5027,05027,41359732.0,4121138860.0,4061139400.0,453806.0,4060028760.0,VAL,VERIFIED_MATCH
05028,5028,05028.csv,5028,05028,41363003.0,4121140230.0,4061140230.0,453808.0,4060028760.0,VAL,VERIFIED_MATCH
05029,5029,05029.csv,5029,05029,41375097.0,4121145690.0,4061145690.0,453805.0,4060028760.0,VAL,VERIFIED_MATCH
06001,6001,06001.csv,6001,06001,41090019.0,4120987130.0,4060026820.0,453160.0,4060026820.0,TRAIN,VERIFIED_MATCH
06002,6002,06002.csv,6002,06002,,,,,,EXCLUDED,PARTIAL_OR_UNMATCHED
06003,6003,06003.csv,6003,06003,,,,,,EXCLUDED,PARTIAL_OR_UNMATCHED
06004,6004,06004.csv,6004,06004,,,,,,EXCLUDED,PARTIAL_OR_UNMATCHED
06005,6005,06005.csv,6005,06005,,,,,,EXCLUDED,PARTIAL_OR_UNMATCHED
06006,6006,06006.csv,6006,06006,41100774.0,4120994580.0,4060026820.0,453160.0,4060026820.0,TRAIN,VERIFIED_MATCH
06007,6007,06007.csv,6007,06007,41145595.0,4121544450.0,4060026830.0,453170.0,4060026830.0,TRAIN,VERIFIED_MATCH
06008,6008,06008.csv,6008,06008,41088681.0,4120987580.0,4060026820.0,453160.0,4060026820.0,TRAIN,VERIFIED_MATCH
06009,6009,06009.csv,6009,06009,,,,,,EXCLUDED,PARTIAL_OR_UNMATCHED
06010,6010,06010.csv,6010,06010,,,,,,EXCLUDED,PARTIAL_OR_UNMATCHED
06011,6011,06011.csv,6011,06011,,,,,,EXCLUDED,PARTIAL_OR_UNMATCHED
07001,7001,07001.csv,7001,07001,41165193.0,4121029460.0,4061033370.0,453183.0,4060027010.0,TRAIN,VERIFIED_MATCH
07002,7002,07002.csv,7002,07002,41157262.0,4121024490.0,4061033360.0,453182.0,4060027010.0,TRAIN,VERIFIED_MATCH
07003,7003,07003.csv,7003,07003,,,,,,EXCLUDED,PARTIAL_OR_UNMATCHED
07004,7004,07004.csv,7004,07004,,,,,,EXCLUDED,PARTIAL_OR_UNMATCHED
07005,7005,07005.csv,7005,07005,41125115.0,4121006070.0,4061033360.0,453182.0,4060027010.0,TRAIN,VERIFIED_MATCH
07006,7006,07006.csv,7006,07006,,,,,,EXCLUDED,PARTIAL_OR_UNMATCHED
07007,7007,07007.csv,7007,07007,41134999.0,4121012320.0,4061026690.0,453185.0,4060027010.0,TRAIN,VERIFIED_MATCH
07008,7008,07008.csv,7008,07008,41112952.0,4120999860.0,4061001220.0,453187.0,4060027010.0,TRAIN,VERIFIED_MATCH
07009,7009,07009.csv,7009,07009,41166456.0,4121030520.0,4061033370.0,453183.0,4060027010.0,TRAIN,VERIFIED_MATCH
07010,7010,07010.csv,7010,07010,,,,,,EXCLUDED,PARTIAL_OR_UNMATCHED
07011,7011,07011.csv,7011,07011,41114884.0,4121001220.0,4061001220.0,453187.0,4060027010.0,TRAIN,VERIFIED_MATCH
07012,7012,07012.csv,7012,07012,,,,,,EXCLUDED,PARTIAL_OR_UNMATCHED
07013,7013,07013.csv,7013,07013,,,,,,EXCLUDED,PARTIAL_OR_UNMATCHED
07014,7014,07014.csv,7014,07014,,,,,,EXCLUDED,PARTIAL_OR_UNMATCHED
07015,7015,07015.csv,7015,07015,41098448.0,4120993510.0,4061001260.0,453186.0,4060027010.0,TRAIN,VERIFIED_MATCH
08001,8001,08001.csv,8001,08001,41134806.0,4121011480.0,4061012790.0,453296.0,4060027100.0,TEST,VERIFIED_MATCH
08002,8002,08002.csv,8002,08002,,,,,,EXCLUDED,PARTIAL_OR_UNMATCHED
08003,8003,08003.csv,8003,08003,41132441.0,4121013640.0,4061013640.0,453260.0,4060027100.0,TEST,VERIFIED_MATCH
08004,8004,08004.csv,8004,08004,,,,,,EXCLUDED,PARTIAL_OR_UNMATCHED
08005,8005,08005.csv,8005,08005,41166174.0,4121028830.0,4061013620.0,453280.0,4060027100.0,TEST,VERIFIED_MATCH
08006,8006,08006.csv,8006,08006,41139153.0,4121014520.0,4061017990.0,453250.0,4060027100.0,TEST,VERIFIED_MATCH
08007,8007,08007.csv,8007,08007,,,,,,EXCLUDED,PARTIAL_OR_UNMATCHED
08008,8008,08008.csv,8008,08008,,,,,,EXCLUDED,PARTIAL_OR_UNMATCHED
08009,8009,08009.csv,8009,08009,41125865.0,4121007350.0,4061010920.0,453292.0,4060027100.0,TEST,VERIFIED_MATCH
08010,8010,08010.csv,8010,08010,,,,,,EXCLUDED,PARTIAL_OR_UNMATCHED
08011,8011,08011.csv,8011,08011,41139468.0,4121013430.0,4061013550.0,453291.0,4060027100.0,TEST,VERIFIED_MATCH
08012,8012,08012.csv,8012,08012,,,,,,EXCLUDED,PARTIAL_OR_UNMATCHED
08013,8013,08013.csv,8013,08013,41173472.0,4121032960.0,4061031720.0,453220.0,4060027100.0,TEST,VERIFIED_MATCH
08014,8014,08014.csv,8014,08014,,,,,,EXCLUDED,PARTIAL_OR_UNMATCHED
08015,8015,08015.csv,8015,08015,,,,,,EXCLUDED,PARTIAL_OR_UNMATCHED
08016,8016,08016.csv,8016,08016,41185221.0,4121553520.0,4061031720.0,453220.0,4060027100.0,TEST,VERIFIED_MATCH
08017,8017,08017.csv,8017,08017,,,,,,EXCLUDED,PARTIAL_OR_UNMATCHED
08018,8018,08018.csv,8018,08018,,,,,,EXCLUDED,PARTIAL_OR_UNMATCHED
08019,8019,08019.csv,8019,08019,,,,,,EXCLUDED,PARTIAL_OR_UNMATCHED
08020,8020,08020.csv,8020,08020,41155967.0,4121022510.0,4061016930.0,453299.0,4060027100.0,TEST,VERIFIED_MATCH
08021,8021,08021.csv,8021,08021,41128245.0,4121009880.0,4061017990.0,453250.0,4060027100.0,TEST,VERIFIED_MATCH
08022,8022,08022.csv,8022,08022,,,,,,EXCLUDED,PARTIAL_OR_UNMATCHED
08023,8023,08023.csv,8023,08023,41069286.0,4120980180.0,4061013640.0,453260.0,4060027100.0,TEST,VERIFIED_MATCH
08024,8024,08024.csv,8024,08024,,,,,,EXCLUDED,PARTIAL_OR_UNMATCHED
08025,8025,08025.csv,8025,08025,,,,,,EXCLUDED,PARTIAL_OR_UNMATCHED
08026,8026,08026.csv,8026,08026,,,,,,EXCLUDED,PARTIAL_OR_UNMATCHED
08027,8027,08027.csv,8027,08027,,,,,,EXCLUDED,PARTIAL_OR_UNMATCHED
08028,8028,08028.csv,8028,08028,41152627.0,4121020730.0,4061017010.0,453298.0,4060027100.0,TEST,VERIFIED_MATCH
08029,8029,08029.csv,8029,08029,41164109.0,4121548220.0,4061013620.0,453280.0,4060027100.0,TEST,VERIFIED_MATCH
08030,8030,08030.csv,8030,08030,41142567.0,4121013960.0,4061013760.0,453270.0,4060027100.0,TEST,VERIFIED_MATCH
08031,8031,08031.csv,8031,08031,41163608.0,4121028490.0,4061031590.0,453230.0,4060027100.0,TEST,VERIFIED_MATCH
08032,8032,08032.csv,8032,08032,,,,,,EXCLUDED,PARTIAL_OR_UNMATCHED
08033,8033,08033.csv,8033,08033,,,,,,EXCLUDED,PARTIAL_OR_UNMATCHED
08034,8034,08034.csv,8034,08034,41139471.0,4121013630.0,4061013760.0,453270.0,4060027100.0,TEST,VERIFIED_MATCH
08035,8035,08035.csv,8035,08035,41143135.0,4121543130.0,4061012880.0,453297.0,4060027100.0,TEST,VERIFIED_MATCH
08036,8036,08036.csv,8036,08036,41122583.0,4121005800.0,4061017890.0,453240.0,4060027100.0,TEST,VERIFIED_MATCH
08037,8037,08037.csv,8037,08037,,,,,,EXCLUDED,PARTIAL_OR_UNMATCHED
08038,8038,08038.csv,8038,08038,41174966.0,4121036950.0,4060027100.0,453210.0,4060027100.0,TEST,VERIFIED_MATCH
09001,9001,09001.csv,9001,09001,41316751.0,4121116520.0,4061116520.0,453746.0,4060028200.0,TRAIN,VERIFIED_MATCH
09002,9002,09002.csv,9002,09002,41319424.0,4121117520.0,4061118910.0,453743.0,4060028200.0,TRAIN,VERIFIED_MATCH
09003,9003,09003.csv,9003,09003,,,,,,EXCLUDED,PARTIAL_OR_UNMATCHED
09004,9004,09004.csv,9004,09004,,,,,,EXCLUDED,PARTIAL_OR_UNMATCHED
09005,9005,09005.csv,9005,09005,41319801.0,4121116970.0,4061116970.0,453744.0,4060028200.0,TRAIN,VERIFIED_MATCH
09006,9006,09006.csv,9006,09006,,,,,,EXCLUDED,PARTIAL_OR_UNMATCHED
09007,9007,09007.csv,9007,09007,,,,,,EXCLUDED,PARTIAL_OR_UNMATCHED
09008,9008,09008.csv,9008,09008,41316840.0,4121115790.0,4061118910.0,453743.0,4060028200.0,TRAIN,VERIFIED_MATCH
09009,9009,09009.csv,9009,09009,41321225.0,4121585360.0,4060028200.0,453741.0,4060028200.0,TRAIN,VERIFIED_MATCH
09010,9010,09010.csv,9010,09010,,,,,,EXCLUDED,PARTIAL_OR_UNMATCHED
09011,9011,09011.csv,9011,09011,41318804.0,4121584680.0,4061114660.0,453748.0,4060028200.0,TRAIN,VERIFIED_MATCH
09012,9012,09012.csv,9012,09012,41312964.0,4121113250.0,4061114520.0,453749.0,4060028200.0,TRAIN,VERIFIED_MATCH
10001,10001,10001.csv,10001,10001,,,,,,EXCLUDED,PARTIAL_OR_UNMATCHED
10002,10002,10002.csv,10002,10002,,,,,,EXCLUDED,PARTIAL_OR_UNMATCHED
10003,10003,10003.csv,10003,10003,,,,,,EXCLUDED,PARTIAL_OR_UNMATCHED
10004,10004,10004.csv,10004,10004,41076827.0,4120980380.0,4060971400.0,454084.0,4060031730.0,TRAIN,VERIFIED_MATCH
10005,10005,10005.csv,10005,10005,41023528.0,4120952290.0,4060960150.0,454086.0,4060031730.0,TRAIN,VERIFIED_MATCH
10006,10006,10006.csv,10006,10006,,,,,,EXCLUDED,PARTIAL_OR_UNMATCHED
10007,10007,10007.csv,10007,10007,,,,,,EXCLUDED,PARTIAL_OR_UNMATCHED
10008,10008,10008.csv,10008,10008,41103753.0,4121535590.0,4060031730.0,454081.0,4060031730.0,TRAIN,VERIFIED_MATCH
10009,10009,10009.csv,10009,10009,,,,,,EXCLUDED,PARTIAL_OR_UNMATCHED
10010,10010,10010.csv,10010,10010,41061999.0,4120973390.0,4060965550.0,454089.0,4060031730.0,TRAIN,VERIFIED_MATCH
10011,10011,10011.csv,10011,10011,41039508.0,4120965920.0,4060971120.0,454085.0,4060031730.0,TRAIN,VERIFIED_MATCH
10012,10012,10012.csv,10012,10012,,,,,,EXCLUDED,PARTIAL_OR_UNMATCHED
10013,10013,10013.csv,10013,10013,41122941.0,4121539090.0,4060031620.0,454070.0,4060031620.0,TRAIN,VERIFIED_MATCH
10014,10014,10014.csv,10014,10014,41035967.0,4120960150.0,4060960150.0,454086.0,4060031730.0,TRAIN,VERIFIED_MATCH
10015,10015,10015.csv,10015,10015,,,,,,EXCLUDED,PARTIAL_OR_UNMATCHED
10016,10016,10016.csv,10016,10016,,,,,,EXCLUDED,PARTIAL_OR_UNMATCHED
11001,11001,11001.csv,11001,11001,41052223.0,4120968650.0,4060031820.0,455200.0,4060031820.0,VAL,VERIFIED_MATCH
11002,11002,11002.csv,11002,11002,,,,,,EXCLUDED,PARTIAL_OR_UNMATCHED
11003,11003,11003.csv,11003,11003,,,,,,EXCLUDED,PARTIAL_OR_UNMATCHED
11004,11004,11004.csv,11004,11004,,,,,,EXCLUDED,PARTIAL_OR_UNMATCHED
11005,11005,11005.csv,11005,11005,41009637.0,4120943770.0,4060031820.0,455200.0,4060031820.0,VAL,VERIFIED_MATCH
11006,11006,11006.csv,11006,11006,41016796.0,4120948240.0,4060031820.0,455200.0,4060031820.0,VAL,VERIFIED_MATCH
11007,11007,11007.csv,11007,11007,41083196.0,4121530180.0,4060031820.0,455200.0,4060031820.0,VAL,VERIFIED_MATCH
11008,11008,11008.csv,11008,11008,,,,,,EXCLUDED,PARTIAL_OR_UNMATCHED
11009,11009,11009.csv,11009,11009,,,,,,EXCLUDED,PARTIAL_OR_UNMATCHED
11010,11010,11010.csv,11010,11010,41099383.0,4120992910.0,4060031820.0,455200.0,4060031820.0,VAL,VERIFIED_MATCH
11011,11011,11011.csv,11011,11011,,,,,,EXCLUDED,PARTIAL_OR_UNMATCHED
12001,12001,12001.csv,12001,12001,41106936.0,4120994850.0,4060979850.0,454067.0,4060031610.0,TEST,VERIFIED_MATCH
12002,12002,12002.csv,12002,12002,,,,,,EXCLUDED,PARTIAL_OR_UNMATCHED
12003,12003,12003.csv,12003,12003,,,,,,EXCLUDED,PARTIAL_OR_UNMATCHED
12004,12004,12004.csv,12004,12004,41077562.0,4120981490.0,4060987920.0,454065.0,4060031610.0,TEST,VERIFIED_MATCH
12005,12005,12005.csv,12005,12005,,,,,,EXCLUDED,PARTIAL_OR_UNMATCHED
12006,12006,12006.csv,12006,12006,41083621.0,4120982940.0,4060987920.0,454065.0,4060031610.0,TEST,VERIFIED_MATCH
12007,12007,12007.csv,12007,12007,,,,,,EXCLUDED,PARTIAL_OR_UNMATCHED
12008,12008,12008.csv,12008,12008,,,,,,EXCLUDED,PARTIAL_OR_UNMATCHED
12009,12009,12009.csv,12009,12009,41125647.0,4121007720.0,4060031610.0,454061.0,4060031610.0,TEST,VERIFIED_MATCH
12010,12010,12010.csv,12010,12010,,,,,,EXCLUDED,PARTIAL_OR_UNMATCHED
12011,12011,12011.csv,12011,12011,,,,,,EXCLUDED,PARTIAL_OR_UNMATCHED
12012,12012,12012.csv,12012,12012,41108866.0,4120993940.0,4061001460.0,454063.0,4060031610.0,TEST,VERIFIED_MATCH
12013,12013,12013.csv,12013,12013,,,,,,EXCLUDED,PARTIAL_OR_UNMATCHED
12014,12014,12014.csv,12014,12014,,,,,,EXCLUDED,PARTIAL_OR_UNMATCHED
12015,12015,12015.csv,12015,12015,41119022.0,4121003920.0,4060031610.0,454061.0,4060031610.0,TEST,VERIFIED_MATCH
12016,12016,12016.csv,12016,12016,41081902.0,4120984380.0,4060989720.0,454069.0,4060031610.0,TEST,VERIFIED_MATCH
12017,12017,12017.csv,12017,12017,,,,,,EXCLUDED,PARTIAL_OR_UNMATCHED
12018,12018,12018.csv,12018,12018,41083866.0,4120982170.0,4060987920.0,454065.0,4060031610.0,TEST,VERIFIED_MATCH
12019,12019,12019.csv,12019,12019,,,,,,EXCLUDED,PARTIAL_OR_UNMATCHED
12020,12020,12020.csv,12020,12020,41132575.0,4121008800.0,4060031610.0,454061.0,4060031610.0,TEST,VERIFIED_MATCH
12021,12021,12021.csv,12021,12021,,,,,,EXCLUDED,PARTIAL_OR_UNMATCHED
12022,12022,12022.csv,12022,12022,,,,,,EXCLUDED,PARTIAL_OR_UNMATCHED
12023,12023,12023.csv,12023,12023,,,,,,EXCLUDED,PARTIAL_OR_UNMATCHED
12024,12024,12024.csv,12024,12024,,,,,,EXCLUDED,PARTIAL_OR_UNMATCHED
12025,12025,12025.csv,12025,12025,41104720.0,4120995690.0,4061001460.0,454063.0,4060031610.0,TEST,VERIFIED_MATCH
12026,12026,12026.csv,12026,12026,41091463.0,4120988930.0,4061001460.0,454063.0,4060031610.0,TEST,VERIFIED_MATCH
12027,12027,12027.csv,12027,12027,,,,,,EXCLUDED,PARTIAL_OR_UNMATCHED
12028,12028,12028.csv,12028,12028,,,,,,EXCLUDED,PARTIAL_OR_UNMATCHED
12029,12029,12029.csv,12029,12029,41124514.0,4121003540.0,4060031610.0,454061.0,4060031610.0,TEST,VERIFIED_MATCH
12030,12030,12030.csv,12030,12030,,,,,,EXCLUDED,PARTIAL_OR_UNMATCHED
12031,12031,12031.csv,12031,12031,,,,,,EXCLUDED,PARTIAL_OR_UNMATCHED
12032,12032,12032.csv,12032,12032,,,,,,EXCLUDED,PARTIAL_OR_UNMATCHED
12033,12033,12033.csv,12033,12033,,,,,,EXCLUDED,PARTIAL_OR_UNMATCHED
12034,12034,12034.csv,12034,12034,,,,,,EXCLUDED,PARTIAL_OR_UNMATCHED
12035,12035,12035.csv,12035,12035,41120254.0,4121538390.0,4060031610.0,454061.0,4060031610.0,TEST,VERIFIED_MATCH
12036,12036,12036.csv,12036,12036,41093194.0,4120989720.0,4060989720.0,454069.0,4060031610.0,TEST,VERIFIED_MATCH
12037,12037,12037.csv,12037,12037,,,,,,EXCLUDED,PARTIAL_OR_UNMATCHED
12038,12038,12038.csv,12038,12038,41091675.0,4120989050.0,4060989860.0,454068.0,4060031610.0,TEST,VERIFIED_MATCH
12039,12039,12039.csv,12039,12039,,,,,,EXCLUDED,PARTIAL_OR_UNMATCHED
12040,12040,12040.csv,12040,12040,,,,,,EXCLUDED,PARTIAL_OR_UNMATCHED
12041,12041,12041.csv,12041,12041,,,,,,EXCLUDED,PARTIAL_OR_UNMATCHED
12042,12042,12042.csv,12042,12042,,,,,,EXCLUDED,PARTIAL_OR_UNMATCHED
12043,12043,12043.csv,12043,12043,41062837.0,4121525170.0,4060979760.0,454066.0,4060031610.0,TEST,VERIFIED_MATCH
12044,12044,12044.csv,12044,12044,41129487.0,4121005680.0,4060031610.0,454061.0,4060031610.0,TEST,VERIFIED_MATCH
12045,12045,12045.csv,12045,12045,,,,,,EXCLUDED,PARTIAL_OR_UNMATCHED
12046,12046,12046.csv,12046,12046,41083403.0,4120985970.0,4060987920.0,454065.0,4060031610.0,TEST,VERIFIED_MATCH
12047,12047,12047.csv,12047,12047,,,,,,EXCLUDED,PARTIAL_OR_UNMATCHED
12048,12048,12048.csv,12048,12048,,,,,,EXCLUDED,PARTIAL_OR_UNMATCHED
12049,12049,12049.csv,12049,12049,,,,,,EXCLUDED,PARTIAL_OR_UNMATCHED
12050,12050,12050.csv,12050,12050,,,,,,EXCLUDED,PARTIAL_OR_UNMATCHED
12051,12051,12051.csv,12051,12051,,,,,,EXCLUDED,PARTIAL_OR_UNMATCHED
12052,12052,12052.csv,12052,12052,,,,,,EXCLUDED,PARTIAL_OR_UNMATCHED
13001,13001,13001.csv,13001,13001,,,,,,EXCLUDED,PARTIAL_OR_UNMATCHED
13002,13002,13002.csv,13002,13002,,,,,,EXCLUDED,PARTIAL_OR_UNMATCHED
13003,13003,13003.csv,13003,13003,,,,,,EXCLUDED,PARTIAL_OR_UNMATCHED
13004,13004,13004.csv,13004,13004,41154222.0,4121022790.0,4061026240.0,454049.0,4060031520.0,VAL,VERIFIED_MATCH
13005,13005,13005.csv,13005,13005,,,,,,EXCLUDED,PARTIAL_OR_UNMATCHED
13006,13006,13006.csv,13006,13006,41146883.0,4121018960.0,4061026240.0,454049.0,4060031520.0,VAL,VERIFIED_MATCH
13007,13007,13007.csv,13007,13007,41154075.0,4121546320.0,4060031520.0,454041.0,4060031520.0,VAL,VERIFIED_MATCH
13008,13008,13008.csv,13008,13008,41154352.0,4121022240.0,4060031520.0,454041.0,4060031520.0,VAL,VERIFIED_MATCH
13009,13009,13009.csv,13009,13009,,,,,,EXCLUDED,PARTIAL_OR_UNMATCHED
13010,13010,13010.csv,13010,13010,41167519.0,4121030370.0,4061026400.0,454048.0,4060031520.0,VAL,VERIFIED_MATCH
13011,13011,13011.csv,13011,13011,,,,,,EXCLUDED,PARTIAL_OR_UNMATCHED
13012,13012,13012.csv,13012,13012,41167650.0,4121031530.0,4061026400.0,454048.0,4060031520.0,VAL,VERIFIED_MATCH
13013,13013,13013.csv,13013,13013,41165779.0,4121029920.0,4061024050.0,454042.0,4060031520.0,VAL,VERIFIED_MATCH
13014,13014,13014.csv,13014,13014,,,,,,EXCLUDED,PARTIAL_OR_UNMATCHED
13015,13015,13015.csv,13015,13015,,,,,,EXCLUDED,PARTIAL_OR_UNMATCHED
13016,13016,13016.csv,13016,13016,41149846.0,4121019820.0,4060031520.0,454041.0,4060031520.0,VAL,VERIFIED_MATCH
13017,13017,13017.csv,13017,13017,41158629.0,4121024910.0,4061024010.0,454043.0,4060031520.0,VAL,VERIFIED_MATCH
13018,13018,13018.csv,13018,13018,,,,,,EXCLUDED,PARTIAL_OR_UNMATCHED
13019,13019,13019.csv,13019,13019,,,,,,EXCLUDED,PARTIAL_OR_UNMATCHED
13020,13020,13020.csv,13020,13020,,,,,,EXCLUDED,PARTIAL_OR_UNMATCHED
13021,13021,13021.csv,13021,13021,,,,,,EXCLUDED,PARTIAL_OR_UNMATCHED
13022,13022,13022.csv,13022,13022,,,,,,EXCLUDED,PARTIAL_OR_UNMATCHED
13023,13023,13023.csv,13023,13023,,,,,,EXCLUDED,PARTIAL_OR_UNMATCHED
13024,13024,13024.csv,13024,13024,,,,,,EXCLUDED,PARTIAL_OR_UNMATCHED
13025,13025,13025.csv,13025,13025,41164928.0,4121029220.0,4061026400.0,454048.0,4060031520.0,VAL,VERIFIED_MATCH
14001,14001,14001.csv,14001,14001,41212332.0,4121057110.0,4060031160.0,454036.0,4060031160.0,TRAIN,VERIFIED_MATCH
14002,14002,14002.csv,14002,14002,,,,,,EXCLUDED,PARTIAL_OR_UNMATCHED
14003,14003,14003.csv,14003,14003,41197706.0,4121050390.0,4060031210.0,454038.0,4060031210.0,TRAIN,VERIFIED_MATCH
14004,14004,14004.csv,14004,14004,41168922.0,4121032290.0,4060031220.0,454039.0,4060031220.0,TRAIN,VERIFIED_MATCH
14005,14005,14005.csv,14005,14005,41302680.0,4121107130.0,4060030580.0,454035.0,4060030580.0,TRAIN,VERIFIED_MATCH
14006,14006,14006.csv,14006,14006,,,,,,EXCLUDED,PARTIAL_OR_UNMATCHED
14007,14007,14007.csv,14007,14007,,,,,,EXCLUDED,PARTIAL_OR_UNMATCHED
14008,14008,14008.csv,14008,14008,41162586.0,4121028290.0,4060031220.0,454039.0,4060031220.0,TRAIN,VERIFIED_MATCH
14009,14009,14009.csv,14009,14009,41237316.0,4121072410.0,4060030580.0,454035.0,4060030580.0,TRAIN,VERIFIED_MATCH
14010,14010,14010.csv,14010,14010,,,,,,EXCLUDED,PARTIAL_OR_UNMATCHED
14011,14011,14011.csv,14011,14011,41229701.0,4121066680.0,4060030580.0,454035.0,4060030580.0,TRAIN,VERIFIED_MATCH
14012,14012,14012.csv,14012,14012,41185301.0,4121042270.0,4060031220.0,454039.0,4060031220.0,TRAIN,VERIFIED_MATCH
14013,14013,14013.csv,14013,14013,,,,,,EXCLUDED,PARTIAL_OR_UNMATCHED
14014,14014,14014.csv,14014,14014,41187874.0,4121042350.0,4060031220.0,454039.0,4060031220.0,TRAIN,VERIFIED_MATCH
14015,14015,14015.csv,14015,14015,41223631.0,4121063960.0,4060030580.0,454035.0,4060030580.0,TRAIN,VERIFIED_MATCH
14016,14016,14016.csv,14016,14016,,,,,,EXCLUDED,PARTIAL_OR_UNMATCHED
14017,14017,14017.csv,14017,14017,,,,,,EXCLUDED,PARTIAL_OR_UNMATCHED
15001,15001,15001.csv,15001,15001,41350275.0,4120030240.0,4060029870.0,454033.0,4060029870.0,TRAIN,VERIFIED_MATCH
15002,15002,15002.csv,15002,15002,,,,,,EXCLUDED,PARTIAL_OR_UNMATCHED
15003,15003,15003.csv,15003,15003,41384762.0,4121597720.0,4060029860.0,454032.0,4060029860.0,TRAIN,VERIFIED_MATCH
15004,15004,15004.csv,15004,15004,,,,,,EXCLUDED,PARTIAL_OR_UNMATCHED
15005,15005,15005.csv,15005,15005,41387954.0,4121598740.0,4060029810.0,454020.0,4060029810.0,TRAIN,VERIFIED_MATCH
15006,15006,15006.csv,15006,15006,41339646.0,4121589200.0,4060029870.0,454033.0,4060029870.0,TRAIN,VERIFIED_MATCH
15007,15007,15007.csv,15007,15007,41398391.0,4121155510.0,4060029530.0,454010.0,4060029530.0,TRAIN,VERIFIED_MATCH
15008,15008,15008.csv,15008,15008,41351163.0,4121591440.0,4060029870.0,454033.0,4060029870.0,TRAIN,VERIFIED_MATCH
15009,15009,15009.csv,15009,15009,41358571.0,4121138350.0,4060029870.0,454033.0,4060029870.0,TRAIN,VERIFIED_MATCH
15010,15010,15010.csv,15010,15010,41338493.0,4121127240.0,4060029870.0,454033.0,4060029870.0,TRAIN,VERIFIED_MATCH
15011,15011,15011.csv,15011,15011,41390062.0,4121152400.0,4060029530.0,454010.0,4060029530.0,TRAIN,VERIFIED_MATCH
15012,15012,15012.csv,15012,15012,41394128.0,4121153810.0,4060029530.0,454010.0,4060029530.0,TRAIN,VERIFIED_MATCH
15013,15013,15013.csv,15013,15013,41380147.0,4121596860.0,4060029870.0,454033.0,4060029870.0,TRAIN,VERIFIED_MATCH
15014,15014,15014.csv,15014,15014,41392176.0,4121599530.0,4060029530.0,454010.0,4060029530.0,TRAIN,VERIFIED_MATCH
15015,15015,15015.csv,15015,15015,,,,,,EXCLUDED,PARTIAL_OR_UNMATCHED
15016,15016,15016.csv,15016,15016,41382375.0,4121149600.0,4060029860.0,454032.0,4060029860.0,TRAIN,VERIFIED_MATCH
15017,15017,15017.csv,15017,15017,41377582.0,4121146980.0,4060029870.0,454033.0,4060029870.0,TRAIN,VERIFIED_MATCH
15018,15018,15018.csv,15018,15018,41400540.0,4120029580.0,4060029530.0,454010.0,4060029530.0,TRAIN,VERIFIED_MATCH
15019,15019,15019.csv,15019,15019,41394507.0,4121153830.0,4060029530.0,454010.0,4060029530.0,TRAIN,VERIFIED_MATCH
15020,15020,15020.csv,15020,15020,41383332.0,4121150000.0,4060029860.0,454032.0,4060029860.0,TRAIN,VERIFIED_MATCH
15021,15021,15021.csv,15021,15021,41388720.0,4121598840.0,4060029810.0,454020.0,4060029810.0,TRAIN,VERIFIED_MATCH
15022,15022,15022.csv,15022,15022,41396254.0,4121600320.0,4060029530.0,454010.0,4060029530.0,TRAIN,VERIFIED_MATCH
15023,15023,15023.csv,15023,15023,41367024.0,4121141940.0,4060029870.0,454033.0,4060029870.0,TRAIN,VERIFIED_MATCH
15024,15024,15024.csv,15024,15024,41381719.0,4121149460.0,4060029860.0,454032.0,4060029860.0,TRAIN,VERIFIED_MATCH
15025,15025,15025.csv,15025,15025,,,,,,EXCLUDED,PARTIAL_OR_UNMATCHED
15026,15026,15026.csv,15026,15026,41391002.0,4121599290.0,4060029530.0,454010.0,4060029530.0,TRAIN,VERIFIED_MATCH
15027,15027,15027.csv,15027,15027,,,,,,EXCLUDED,PARTIAL_OR_UNMATCHED
15028,15028,15028.csv,15028,15028,,,,,,EXCLUDED,PARTIAL_OR_UNMATCHED
15029,15029,15029.csv,15029,15029,,,,,,OPERATIONAL_UNGAUGED_DEMO,PARTIAL_OR_UNMATCHED
15030,15030,15030.csv,15030,15030,41395349.0,4121600150.0,4060029530.0,454010.0,4060029530.0,TRAIN,VERIFIED_MATCH
15031,15031,15031.csv,15031,15031,41392828.0,4121599610.0,4060029810.0,454020.0,4060029810.0,TRAIN,VERIFIED_MATCH
15032,15032,15032.csv,15032,15032,41343752.0,4121589830.0,4060029870.0,454033.0,4060029870.0,TRAIN,VERIFIED_MATCH
16001,16001,16001.csv,16001,16001,41252015.0,4121080460.0,4060027490.0,453309.0,4060027490.0,TRAIN,VERIFIED_MATCH
16002,16002,16002.csv,16002,16002,,,,,,EXCLUDED,PARTIAL_OR_UNMATCHED
16003,16003,16003.csv,16003,16003,,,,,,EXCLUDED,PARTIAL_OR_UNMATCHED
16004,16004,16004.csv,16004,16004,41214393.0,4121059830.0,4060027460.0,453306.0,4060027460.0,TRAIN,VERIFIED_MATCH
16005,16005,16005.csv,16005,16005,,,,,,EXCLUDED,PARTIAL_OR_UNMATCHED
16006,16006,16006.csv,16006,16006,,,,,,EXCLUDED,PARTIAL_OR_UNMATCHED
16007,16007,16007.csv,16007,16007,41220827.0,4121063410.0,4060027460.0,453306.0,4060027460.0,TRAIN,VERIFIED_MATCH
16008,16008,16008.csv,16008,16008,,,,,,EXCLUDED,PARTIAL_OR_UNMATCHED
16009,16009,16009.csv,16009,16009,,,,,,EXCLUDED,PARTIAL_OR_UNMATCHED
16010,16010,16010.csv,16010,16010,,,,,,EXCLUDED,PARTIAL_OR_UNMATCHED
16011,16011,16011.csv,16011,16011,,,,,,EXCLUDED,PARTIAL_OR_UNMATCHED
16012,16012,16012.csv,16012,16012,41203894.0,4121053230.0,4060027300.0,453304.0,4060027300.0,TRAIN,VERIFIED_MATCH
16013,16013,16013.csv,16013,16013,,,,,,EXCLUDED,PARTIAL_OR_UNMATCHED
16014,16014,16014.csv,16014,16014,41236206.0,4120027480.0,4060027480.0,453308.0,4060027480.0,TRAIN,VERIFIED_MATCH
16015,16015,16015.csv,16015,16015,,,,,,EXCLUDED,PARTIAL_OR_UNMATCHED
17001,17001,17001.csv,17001,17001,41390505.0,4121152380.0,4060029250.0,453902.0,4060029250.0,TRAIN,VERIFIED_MATCH
17002,17002,17002.csv,17002,17002,,,,,,EXCLUDED,PARTIAL_OR_UNMATCHED
17003,17003,17003.csv,17003,17003,41354854.0,4121136520.0,4060028550.0,453760.0,4060028550.0,TRAIN,VERIFIED_MATCH
17004,17004,17004.csv,17004,17004,,,,,,OPERATIONAL_UNGAUGED_DEMO,PARTIAL_OR_UNMATCHED
17005,17005,17005.csv,17005,17005,41355465.0,4121592360.0,4060028550.0,453760.0,4060028550.0,TRAIN,VERIFIED_MATCH
17006,17006,17006.csv,17006,17006,41357499.0,4121592740.0,4060028670.0,453780.0,4060028670.0,TRAIN,VERIFIED_MATCH
17007,17007,17007.csv,17007,17007,41394876.0,4121154290.0,4060029360.0,453906.0,4060029360.0,TRAIN,VERIFIED_MATCH
17008,17008,17008.csv,17008,17008,,,,,,EXCLUDED,PARTIAL_OR_UNMATCHED
17009,17009,17009.csv,17009,17009,41375445.0,4121595930.0,4060028680.0,453790.0,4060028680.0,TRAIN,VERIFIED_MATCH
17010,17010,17010.csv,17010,17010,,,,,,OPERATIONAL_UNGAUGED_DEMO,PARTIAL_OR_UNMATCHED
17011,17011,17011.csv,17011,17011,41398645.0,4121155610.0,4060029440.0,453908.0,4060029440.0,TRAIN,VERIFIED_MATCH
17012,17012,17012.csv,17012,17012,41332728.0,4121123670.0,4060028210.0,453750.0,4060028210.0,TRAIN,VERIFIED_MATCH
17013,17013,17013.csv,17013,17013,,,,,,EXCLUDED,PARTIAL_OR_UNMATCHED
17014,17014,17014.csv,17014,17014,,,,,,EXCLUDED,PARTIAL_OR_UNMATCHED
17015,17015,17015.csv,17015,17015,41393136.0,4121599760.0,4060029250.0,453902.0,4060029250.0,TRAIN,VERIFIED_MATCH
17016,17016,17016.csv,17016,17016,,,,,,EXCLUDED,PARTIAL_OR_UNMATCHED
17017,17017,17017.csv,17017,17017,,,,,,EXCLUDED,PARTIAL_OR_UNMATCHED
17018,17018,17018.csv,17018,17018,,,,,,EXCLUDED,PARTIAL_OR_UNMATCHED
17019,17019,17019.csv,17019,17019,41390009.0,4121152350.0,4060029250.0,453902.0,4060029250.0,TRAIN,VERIFIED_MATCH
17020,17020,17020.csv,17020,17020,,,,,,OPERATIONAL_UNGAUGED_DEMO,PARTIAL_OR_UNMATCHED
17021,17021,17021.csv,17021,17021,,,,,,EXCLUDED,PARTIAL_OR_UNMATCHED
17022,17022,17022.csv,17022,17022,41366097.0,4121141730.0,4060028670.0,453780.0,4060028670.0,TRAIN,VERIFIED_MATCH
17023,17023,17023.csv,17023,17023,,,,,,EXCLUDED,PARTIAL_OR_UNMATCHED
17024,17024,17024.csv,17024,17024,41368822.0,4121594770.0,4060028670.0,453780.0,4060028670.0,TRAIN,VERIFIED_MATCH
17025,17025,17025.csv,17025,17025,,,,,,EXCLUDED,PARTIAL_OR_UNMATCHED
