epoch,train_loss,val_loss,lr,duration_sec
1,0.9747825245034368,0.20354509742238222,0.0004914814565722671,97.49425268173218
2,0.8615160466821823,0.2371113506090143,0.00046650635094610973,96.83217358589172
3,0.8466636539327776,0.2751080128724843,0.00042677669529663686,97.61665987968445
4,0.8074406270074527,0.22394972817974362,0.000375,118.14887547492981
5,0.7898844402600862,0.19493771689290806,0.0003147047612756302,100.2696533203125
6,0.7690774080130542,0.19654035665220024,0.00025,80.51099586486816
7,0.7464562562450465,0.24673872395955332,0.00018529523872436984,82.8804190158844
8,0.7336055035942589,0.2956052886796559,0.00012500000000000006,84.05760431289673
9,0.7196300869803547,0.19890536137741158,7.322330470336314e-05,87.49190783500671
