source_idx,target_idx,source_gauge,target_gauge,routing_distance_km,steps,drainage_area_ratio,stream_order_delta
0,7,03002,03018,98.10999971628189,27,0.10624488443136215,2
1,45,03005,03103,108.19000026583672,29,0.4771897792816162,0
2,38,03008,03087,60.24999988079071,22,0.9716726541519165,0
3,21,03009,03055,284.5700007677078,86,0.02178088389337063,4
4,45,03013,03103,101.46000120043755,26,0.029238726943731308,2
5,13,03014,03030,87.5199990272522,15,0.48655393719673157,1
6,7,03017,03018,104.06999981403351,28,0.056938789784908295,2
7,23,03018,03057,96.97000071406364,28,0.7482782602310181,0
8,21,03019,03055,286.2900002002716,85,0.018951596692204475,3
9,12,03020,03029,87.85999941825867,22,0.9184220433235168,0
10,21,03024,03055,161.10999989509583,48,0.013968069106340408,3
11,2,03028,03008,40.33999967575073,9,0.42950597405433655,0
12,48,03029,03109,138.9999998807907,32,0.6232410073280334,1
13,11,03030,03028,145.52000057697296,35,0.5134767293930054,1
14,7,03031,03018,126.57999902963638,34,0.4062989354133606,1
15,30,03038,03074,411.9500038921833,91,0.17896945774555206,1
16,20,03040,03048,95.00999975204468,33,0.36080434918403625,1
17,31,03043,03075,51.34000015258789,15,0.9933076500892639,0
18,17,03045,03043,52.50999999046326,23,0.06655962020158768,2
19,14,03047,03031,41.39000028371811,13,0.22957202792167664,2
20,28,03048,03072,186.26000088453293,60,0.2334837168455124,2
21,29,03055,03073,163.1699996292591,55,0.37907248735427856,1
22,30,03056,03074,123.9600003361702,30,0.11073531210422516,1
23,27,03057,03071,116.6000012755394,29,0.6158601641654968,0
24,11,03064,03028,99.28000020980835,21,0.22899827361106873,1
25,14,03068,03031,63.559999883174896,22,0.5001439452171326,0
26,9,03069,03020,235.79999893903732,65,0.18026696145534515,2
27,29,03071,03073,45.5800005197525,14,0.14550022780895233,2
28,1,03072,03005,203.6799999475479,66,0.6984913945198059,0
29,17,03073,03043,220.64999994635582,73,0.8773894309997559,0
30,2,03074,03008,113.22000002861023,29,0.4238666594028473,1
32,18,03076,03045,87.1899995803833,29,0.05695488303899765,2
33,48,03079,03109,90.53000020980835,22,0.28928378224372864,1
34,28,03081,03072,153.5400007367134,53,0.14993436634540558,2
35,1,03082,03005,80.73000085353851,27,0.03650369495153427,3
36,42,03083,03094,99.740001142025,22,0.2233494371175766,1
37,21,03085,03055,662.3600000441074,181,0.10032984614372253,2
38,45,03087,03103,123.7900003194809,35,0.44192489981651306,1
39,1,03089,03005,208.61000049114227,69,0.034327734261751175,3
40,17,03091,03043,83.50999993085861,26,0.005346126388758421,4
41,18,03092,03045,178.86999955773354,63,0.21946294605731964,1
42,28,03094,03072,96.26999962329865,21,0.31036314368247986,1
43,29,03098,03073,124.07999953627586,40,0.048190638422966,3
44,7,03099,03018,100.16999965906143,29,0.08157511800527573,1
45,29,03103,03073,95.7899996638298,36,0.40294143557548523,1
46,23,03105,03057,83.69000074267387,24,0.07766642421483994,1
47,1,03107,03005,143.84000104665756,47,0.034209225326776505,3
48,21,03109,03055,292.8200001716614,88,0.5292069315910339,0
49,33,03110,03079,44.609999656677246,6,0.3575005829334259,1
50,67,04003,04026,27.06000018119812,6,0.803943932056427,0
51,88,04004,04062,364.0699976980686,89,0.2784309685230255,1
52,56,04005,04013,76.81000000238419,21,0.16882416605949402,1
53,59,04006,04017,192.55000084638596,55,0.1827414333820343,1
54,88,04007,04062,69.25999963283539,18,0.04691874235868454,3
55,88,04012,04062,120.88999971747398,32,0.013605769723653793,4
56,74,04013,04040,165.80000060796738,54,0.4444693922996521,1
57,58,04015,04016,52.09999978542328,13,0.455847829580307,1
58,56,04016,04013,115.47000017762184,34,0.5061243176460266,0
59,61,04017,04019,128.739999294281,30,0.4177740812301636,1
60,69,04018,04030,41.31999987363815,12,0.23125697672367096,1
61,88,04019,04062,379.07999765872955,99,0.5393946170806885,1
62,50,04021,04003,117.19999974966049,35,0.44224292039871216,1
63,86,04022,04060,47.2700001001358,12,0.04089372605085373,3
64,85,04023,04057,320.4100010097027,95,0.18196864426136017,1
65,82,04024,04054,58.09000051021576,10,0.04384616017341614,3
66,56,04025,04013,89.20999974012375,25,0.1389947235584259,1
67,59,04026,04017,384.97000074386597,115,0.28136366605758667,0
68,63,04028,04022,36.96000048518181,6,0.15957991778850555,1
69,90,04030,04064,110.10999971628189,27,0.11944736540317535,1
70,51,04031,04004,65.61999917030334,21,0.96722811460495,0
71,74,04032,04040,165.21000051498413,52,0.1563863605260849,1
72,82,04038,04054,190.96000039577484,42,0.664950430393219,0
73,53,04039,04006,65.16999995708466,16,0.30821502208709717,0
74,70,04040,04031,110.00999957323074,37,0.5087820887565613,1
75,86,04041,04060,105.51000016927719,27,0.009645376354455948,4
76,72,04044,04038,251.7100004851818,59,0.09549413621425629,1
77,59,04047,04017,382.93000090122223,118,0.04183726757764816,1
78,50,04048,04003,19.52999997138977,5,0.1603543609380722,1
79,72,04049,04038,25.570000171661377,2,0.3043113946914673,1
80,58,04050,04016,64.5999995470047,18,0.36866313219070435,0
81,82,04051,04054,48.320000529289246,8,0.01840430498123169,3
82,90,04054,04064,284.3799999952316,68,0.48051542043685913,0
83,59,04055,04017,100.87000006437302,33,0.04458656162023544,2
84,67,04056,04026,5.46999990940094,3,0.15869548916816711,1
85,70,04057,04031,79.42999964952469,26,0.3628852963447571,1
87,90,04061,04064,304.73000034689903,76,0.1727892905473709,1
88,86,04062,04060,90.01999992132187,24,0.933039128780365,0
89,62,04063,04021,4.579999923706055,1,0.3488149046897888,1
90,61,04064,04019,118.54999887943268,30,0.5384278893470764,1
91,94,06001,06008,11.200000166893005,4,0.4950065016746521,0
94,92,06008,06006,49.20999991893768,20,0.8932506442070007,0
95,100,07001,07009,63.22999978065491,27,0.025624170899391174,2
97,96,07005,07002,140.02999928593636,61,0.20938046276569366,0
98,100,07007,07009,256.4999990463257,114,0.6019197702407837,0
99,101,07008,07011,32.829999923706055,10,0.8514823317527771,0
101,98,07011,07007,76.96999943256378,33,0.5675976276397705,0
102,98,07015,07007,166.66999998688698,68,0.14720287919044495,1
103,104,09001,09002,28.419999659061432,8,0.2216854840517044,1
104,107,09002,09009,164.34000086784363,38,0.6913071870803833,0
105,104,09005,09002,15.120000123977661,5,0.1888350397348404,1
106,107,09008,09009,153.510000705719,40,0.04471605271100998,2
108,104,09011,09002,125.73999845981598,32,0.15718498826026917,1
109,104,09012,09002,116.24999859929085,32,0.3295113444328308,0
110,112,10004,10008,257.2499994933605,65,0.10740368813276291,2
111,116,10005,10014,50.909999668598175,12,0.1483335644006729,2
113,114,10010,10011,142.08000004291534,39,0.22835111618041992,2
114,112,10011,10008,224.6900005042553,59,0.49264854192733765,0
116,114,10014,10011,12.759999871253967,6,0.522352933883667,0
128,143,15003,15020,73.25000020861626,24,0.33295005559921265,1
135,148,15011,15026,39.00999990105629,20,0.25959935784339905,1
143,139,15020,15016,66.67000007629395,28,0.4777272343635559,0
147,139,15024,15016,28.679999947547913,12,0.15512831509113312,1
150,144,15031,15021,122.56999981403351,48,0.169172003865242,1
153,154,16004,16007,33.36999976634979,8,0.8753283023834229,0
157,165,17001,17015,174.56999814510345,24,0.12272295355796814,1
158,159,17003,17005,199.44999903440475,46,0.19441711902618408,1
160,167,17006,17022,155.13999956846237,40,0.44081178307533264,0
166,165,17019,17015,167.79999816417694,22,0.23468557000160217,0
167,168,17022,17024,62.32000011205673,19,0.8674991726875305,0
