node_idx,gauge_id,river_basin,cwc_river,cwc_area_km2,cwc_lat,cwc_lon,UPLAND_SKM,CATCH_SKM,DIST_DN_KM,DIST_UP_KM,ORD_STRA,ORD_CLAS
0,03002,Godavari,Godavari/Indravati/Narangi,1968.0,19.2967,81.7889,1907.0,10.74,740.7999877929688,125.9000015258789,4,3
1,03005,Godavari,Godavari/Pranhita/Wainganga,50990.0,19.6867,79.7856,51471.5,17.79,587.4000244140625,629.0999755859375,7,3
2,03008,Godavari,Godavari/Pranhita/Wardha,46020.0,19.8139,79.3794,46317.4,15.15,663.2000122070312,705.7000122070312,6,2
3,03009,Godavari,Godavari/Manjira/Manar,2105.0,18.705,77.545,2210.2,5.69,831.2000122070312,133.60000610351562,3,3
4,03013,Godavari,Godavari/Pranhita/Peddavagu,3100.0,19.3303,79.5042,3153.8,14.38,580.7999877929688,108.6999969482422,5,3
5,03014,Godavari,Godavari/Pranhita/Wardha,5000.0,21.1072,78.1331,4970.1,27.24,936.5,160.3000030517578,4,3
6,03017,Godavari,Godavari/Indravati/Bardha,890.0,19.6464,81.4861,1022.0,21.63,746.7000122070312,78.80000305175781,4,4
7,03018,Godavari,Godavari/Indravati,17270.0,19.0794,81.3011,17949.1,39.96,642.7999877929688,300.6000061035156,6,2
8,03019,Godavari,Godavari/Manjira/Lendi,1900.0,18.5622,77.5831,1923.1,30.12,832.9000244140625,114.5,4,3
9,03020,Godavari,Godavari,30840.0,19.2203,76.3633,30738.3,15.61,1066.199951171875,452.0,6,1
10,03024,Godavari,Godavari/Peddavagu,1360.0,18.8289,78.4367,1417.4,10.77,707.5999755859375,76.19999694824219,4,2
11,03028,Godavari,Godavari/Pranhita/Wardha,21429.0,19.9472,79.0892,19893.6,29.46,703.5,393.2999877929688,6,3
12,03029,Godavari,Godavari,33934.0,19.0217,76.7292,33468.6,18.47,978.0999755859376,540.0,6,1
13,03030,Godavari,Godavari/Pranhita/Wardha,10240.0,20.5472,78.3247,10214.9,23.72,849.0,247.8000030517578,5,3
14,03031,Godavari,Godavari/Indravati,7380.0,19.1081,82.0228,7292.7,16.84,769.2999877929688,174.10000610351562,5,2
15,03038,Godavari,Godavari/Pranhita/Wardha/Penganga,3515.0,19.9611,77.1481,3513.6,27.64,1188.300048828125,180.6000061035156,4,2
16,03040,Godavari,Godavari/Pranhita/Wainganga,2970.0,22.3819,79.9,3028.7,39.7,1072.5999755859375,143.89999389648438,4,3
17,03043,Godavari,Godavari,305460.0,17.4875,81.3875,305099.4,4.5,163.0,1355.0999755859375,8,1
18,03045,Godavari,Godavari/Sabari,19550.0,17.7989,81.3928,20307.3,13.69,215.3000030517578,384.1000061035156,6,2
19,03047,Godavari,Godavari/Indravati/Baskal,1635.0,19.2772,82.2333,1674.2,30.6,810.7000122070312,93.6999969482422,3,3
20,03048,Godavari,Godavari/Pranhita/Wainganga,8070.0,21.8842,80.175,8394.3,2.19,977.4000244140624,239.1000061035156,5,3
21,03055,Godavari,Godavari,102900.0,18.8358,79.4447,101474.3,9.55,546.7000122070312,971.4000244140624,7,1
22,03056,Godavari,Godavari/Pranhita/Wardha/Penganga/Aran,2500.0,20.1889,77.9869,2174.0,29.41,900.2000122070312,157.89999389648438,4,3
23,03057,Godavari,Godavari/Pranhita/Indravati,24210.0,19.2989,80.6892,23987.2,17.02,545.7999877929688,397.6000061035156,6,2
24,03064,Godavari,Godavari/Pranhita/Wardha/Wunna,4580.0,20.5256,78.8089,4555.6,18.9,802.7999877929688,130.8000030517578,5,4
25,03068,Godavari,Godavari/Indravati,3545.0,19.1975,82.5119,3647.4,16.62,832.5999755859375,110.8000030517578,5,2
26,03069,Godavari,Godavari/Pravara,5800.0,19.5344,74.8339,5541.1,1.01,1301.5999755859375,171.89999389648438,4,2
27,03071,Godavari,Godavari/Indravati,40000.0,18.8525,80.3494,38949.1,21.74,429.2000122070313,514.2000122070312,6,2
28,03072,Godavari,Godavari/Pranhita/Wainganga,35520.0,20.7931,79.6483,35952.4,18.66,791.0999755859375,425.3999938964844,7,3
29,03073,Godavari,Godavari,268200.0,18.5872,80.3958,267691.0,8.75,383.3999938964844,1134.699951171875,8,1
30,03074,Godavari,Godavari/Pranhita/Wardha/Penganga,18441.0,19.8175,78.5778,19632.4,36.35,776.2999877929688,592.5999755859375,5,2
31,03075,Godavari,Godavari,307800.0,17.2519,81.6564,307155.0,8.61,111.5,1406.699951171875,8,1
32,03076,Godavari,Godavari/Sabari/Potteru Vagu,1120.0,18.1894,81.7981,1156.6,1.63,302.70001220703125,55.70000076293945,4,3
33,03079,Godavari,Godavari/Purna,15000.0,19.1758,77.0131,15534.8,14.4,929.9000244140624,360.0,6,2
34,03081,Godavari,Godavari/Pranhita/Bagh,5380.0,21.6256,80.2539,5390.5,22.95,944.7999877929688,144.1999969482422,5,4
35,03082,Godavari,Godavari/Pranhita/Wardha/Andhari/Mul,1900.0,20.1936,79.6656,1878.9,9.67,668.2999877929688,78.5,4,4
36,03083,Godavari,Godavari/Pranhita/Kanhan,2500.0,21.7189,78.8242,2492.2,27.92,987.0999755859376,138.10000610351562,5,5
37,03085,Godavari,Godavari/Manjira,9960.0,18.0758,77.0525,10180.9,25.92,1208.800048828125,281.3999938964844,5,2
38,03087,Godavari,Godavari/Pranhita/Wardha,47500.0,19.5614,79.6133,47667.7,3.44,603.2000122070312,765.7999877929688,6,2
39,03089,Godavari,Godavari/Pranhita/Wainganga/Chulband,1800.0,20.9122,79.9264,1766.9,23.66,796.0999755859375,81.0999984741211,4,4
40,03091,Godavari,Godavari/Kinnerasani/Murredu,1565.0,17.5908,80.8192,1631.1,48.29,246.3000030517578,93.9000015258789,4,3
41,03092,Godavari,Godavari/Sabari,3047.0,18.6125,82.1428,4456.7,6.71,394.3999938964844,205.0,5,2
42,03094,Godavari,Godavari/Pranhita/Wainganga/Kanhan,11100.0,21.2167,79.2331,11158.3,4.8,887.4000244140625,272.20001220703125,6,4
43,03098,Godavari,Godavari/Maner,12691.0,18.62,79.8044,12900.2,17.29,507.5,268.6000061035156,5,2
44,03099,Godavari,Godavari/Indravati/NarangiMarkandi,1523.0,19.2697,81.8839,1464.2,7.5,742.7000122070312,59.900001525878906,5,4
45,03103,Godavari,Godavari/Pranhita/Pranhita,108780.0,18.9783,79.9469,107863.8,13.4,479.2000122070313,889.7999877929688,7,2
46,03105,Godavari,Godavari/Indravati/Dantewara,1700.0,19.0122,81.2325,1863.0,48.71,629.5,94.4000015258789,5,3
47,03107,Godavari,Godavari/Pranhita/Wainganga/Khobragarhi,2600.0,20.4219,80.0917,1760.8,5.03,731.4000244140625,75.5,4,4
48,03109,Godavari,Godavari,53630.0,19.0439,77.4556,53700.9,5.68,839.4000244140625,678.7000122070312,7,1
49,03110,Godavari,Godavari/Purna Dudhna,5550.0,19.3958,76.7708,5553.7,13.16,974.5,211.8999938964844,5,3
50,04003,Krishna,Krishna,12660.0,16.7808,74.6333,12259.1,20.14,1108.300048828125,270.29998779296875,6,2
51,04004,Krishna,Krishna/Tungabhadra,67180.0,15.8833,77.9572,66962.9,4.96,552.5,675.9000244140625,7,2
52,04005,Krishna,Krishna/Tungabhadra/Tunga,2300.0,14.4339,75.7797,2472.7,4.57,970.7000122070312,99.9000015258789,4,3
53,04006,Krishna,Krishna/Malaprabha,9373.0,15.8717,75.7228,9903.8,9.29,888.7999877929688,216.3999938964844,5,3
54,04007,Krishna,Krishna/Musi,11501.0,16.7392,79.6697,11284.0,61.25,257.8999938964844,296.8999938964844,5,2
55,04012,Krishna,Krishna/Halia,3100.0,16.79,79.3387,3272.2,21.17,309.29998779296875,110.6999969482422,4,2
56,04013,Krishna,Krishna/Tungabhadra,14582.0,14.8306,75.6744,14646.6,29.05,893.7000122070312,334.6000061035156,5,2
57,04015,Krishna,Krishna/Tungabhadra/Tunga,2990.0,13.9761,75.6853,3379.2,32.5,1061.5,166.89999389648438,4,2
58,04016,Krishna,Krishna/Tungabhadra,7075.0,14.2372,75.6625,7413.0,29.13,1009.4000244140624,218.8999938964844,5,2
59,04017,Krishna,Krishna,55150.0,16.4911,76.9231,54195.7,18.52,696.0999755859375,682.4000244140625,6,2
60,04018,Krishna,Krishna/Bhima/Kagna,1920.0,17.2544,77.4628,1929.4,20.71,837.5999755859375,75.4000015258789,4,4
61,04019,Krishna,Krishna,132920.0,16.2592,77.8411,129724.9,19.78,567.7000122070312,948.9000244140624,7,1
62,04021,Krishna,Krishna,5462.0,17.2944,74.1903,5421.5,15.78,1225.300048828125,153.3000030517578,5,2
63,04022,Krishna,Krishna/Munneru,9854.0,16.7156,80.3164,10540.8,41.33,145.6999969482422,250.8999938964844,5,2
64,04023,Krishna,Krishna Tungabhadra/Vedavathi,4320.0,13.7542,76.3197,4276.9,9.59,1018.0999755859376,100.5999984741211,5,3
65,04024,Krishna,Krishna/Bhima/Borinala,1640.0,17.2864,75.6372,1471.6,9.63,1028.5999755859375,78.80000305175781,3,2
66,04025,Krishna,Krishna Tungabhadra/Kumudavathi,1850.0,14.5,75.6339,2035.8,13.51,983.0999755859376,117.8000030517578,4,3
67,04026,Krishna,Krishna,15190.0,16.6836,74.6031,15248.7,12.54,1081.199951171875,297.29998779296875,6,2
68,04028,Krishna,Krishna/Munneru/Wyra,1850.0,16.9181,80.3558,1682.1,19.92,182.8999938964844,88.5999984741211,4,3
69,04030,Krishna,Krishna/Bhima/,7650.0,17.2031,77.1572,8343.1,2.67,796.2999877929688,166.3000030517578,5,2
70,04031,Krishna,Krishna/Tungabhadra,60630.0,15.9483,77.4264,64768.4,30.75,618.0,610.2999877929688,7,2
71,04032,Krishna,Krishna Tungabhadra/Varada,4901.0,14.9389,75.6181,5153.4,3.73,893.2999877929688,191.6999969482422,5,3
72,04038,Krishna,Krishna/Bhima,22856.0,17.9722,75.1392,22317.6,5.31,1161.300048828125,355.29998779296875,6,1
73,04039,Krishna,Krishna/Malaprabha/Bennihalla,2952.0,15.55,75.3667,3052.5,4.14,953.7999877929688,82.5999984741211,5,4
74,04040,Krishna,Krishna/Tungabhadra,33018.0,15.4917,76.7169,32953.0,5.79,728.0,500.3999938964844,6,2
75,04041,Krishna,Krishna/Paleru,2928.0,16.9489,80.0478,2486.2,24.64,204.1000061035156,157.89999389648438,4,2
76,04044,Krishna,Krishna/Bhima,2205.0,18.6669,74.0022,2131.2,10.37,1412.9000244140625,103.5999984741211,5,1
77,04047,Krishna,Krishna/Dudhganga,2322.0,16.5639,74.5275,2267.4,9.46,1079.199951171875,120.5,5,3
78,04048,Krishna,Krishna/Varna,1948.0,16.855,74.4967,1965.8,32.46,1127.800048828125,139.89999389648438,5,3
79,04049,Krishna,Krishna/Bhima/Nira,7200.0,17.9114,75.0075,6791.5,23.7,1187.0,210.1999969482422,5,2
80,04050,Krishna,Tungabhadra/Tunga,2831.0,13.9269,75.585,2732.9,3.96,1074.0,143.3000030517578,5,3
81,04051,Krishna,Krishna/Bhima/Borinala/Doddanala,630.0,17.3686,75.5942,617.7,23.77,1018.7999877929688,61.29999923706055,3,3
82,04054,Krishna,Krishna/Bhima,33916.0,17.4131,75.8478,33562.8,60.63,970.5,546.0,6,1
83,04055,Krishna,Krishna/Don,2486.0,16.4728,76.2842,2416.4,19.55,797.2000122070312,169.89999389648438,4,3
84,04056,Krishna,Krishna/Panchganga,2425.0,16.6753,74.5736,2419.9,9.66,1086.699951171875,146.1999969482422,5,3
85,04057,Krishna,Krishna/Tungabhadra/Hagari,23500.0,15.6611,76.9628,23503.5,32.66,697.5999755859375,421.1000061035156,6,3
86,04060,Krishna,Krishna,251360.0,16.5011,80.625,257760.8,55.37,98.4000015258789,1418.0999755859375,8,1
87,04061,Krishna,Krishna/Bhima/Sina,12092.0,17.5342,75.885,12068.9,17.4,990.7000122070312,311.5,5,2
88,04062,Krishna,Krishna,235544.0,16.7942,80.0692,240500.9,17.47,188.6000061035156,1327.9000244140625,8,1
89,04063,Krishna,Krishna/Koyna,1890.0,17.2722,74.165,1891.1,22.96,1230.0,148.5,4,2
90,04064,Krishna,Krishna/Bhima,69863.0,16.7375,77.1253,69847.5,38.24,686.0,830.5,6,1
91,06001,Subernarekha,Subarnarekha/Kharkai,6309.0,22.7914,86.1736,6299.7,9.7,275.8999938964844,164.39999389648438,6,2
92,06006,Subernarekha,Subarnarekha,14176.0,22.5806,86.4683,14247.4,9.51,215.5,257.20001220703125,6,1
93,06007,Subernarekha,Burhabalang,4495.0,21.5478,86.9181,4422.3,4.19,27.299999237060547,159.1999969482422,5,1
94,06008,Subernarekha,Subarnarekha,12649.0,22.8156,86.2161,12726.5,8.9,264.70001220703125,208.0,6,1
95,07001,Brahmani-Baitarani,Brahmani/Ramyala,830.0,20.9297,85.5189,923.9,3.41,206.3000030517578,56.59999847412109,4,2
96,07002,Brahmani-Baitarani,Baitarni,8570.0,21.2111,86.1206,8630.7,16.61,134.0,254.0,5,2
97,07005,Brahmani-Baitarani,Baitarni,1710.0,22.0658,85.6733,1807.1,13.33,273.8999938964844,114.0999984741211,5,2
98,07007,Brahmani-Baitarani,Brahmani,21950.0,21.8378,84.9425,21702.7,15.54,399.3999938964844,400.7999877929688,6,1
99,07008,Brahmani-Baitarani,Brahmani/Koel,9160.0,22.3217,85.1047,10488.9,7.94,509.2000122070313,291.0,6,1
100,07009,Brahmani-Baitarani,Brahmani,33955.0,20.8897,86.0142,36055.8,0.8,143.10000610351562,657.0999755859375,6,1
101,07011,Brahmani-Baitarani,Brahmani,19448.0,22.2772,84.8519,12318.4,9.73,476.3999938964844,323.79998779296875,6,1
102,07015,Brahmani-Baitarani,Brahmani/Sankh,3160.0,22.6233,84.4175,3194.7,13.47,566.0,149.6999969482422,5,2
103,09001,Pennar,Pennar/Kunderu,8758.0,14.7172,78.6686,8365.9,47.53,216.6999969482422,206.3999938964844,5,2
104,09002,Pennar,Pennar,37981.0,14.5722,78.8,37737.7,21.61,188.3000030517578,442.2000122070313,6,1
105,09005,Pennar,Pennar/Papagani,7187.0,14.5806,78.6778,7126.2,29.71,203.1999969482422,209.8000030517578,5,2
106,09008,Pennar,Pennar/Sagaileru,2486.0,14.7211,79.0189,2441.0,4.57,177.5,120.8000030517578,4,2
107,09009,Pennar,Pennar,50800.0,14.4703,79.9889,54588.9,4.78,23.899999618530277,606.5999755859375,6,1
108,09011,Pennar,Pennar/Chitravathi,6262.0,14.5978,78.0133,5931.8,23.47,313.79998779296875,180.10000610351562,5,2
109,09012,Pennar,Pennar,12482.0,14.9222,78.0028,12435.0,14.73,304.29998779296875,326.1000061035156,6,1
110,10004,Mahi,Mahi/Anas,3121.0,23.0542,74.3197,3576.5,21.13,310.0,101.8000030517578,4,2
111,10005,Mahi,Mahi/Som/Jakham,1510.0,24.0867,74.4756,1271.1,19.99,340.8999938964844,79.4000015258789,4,3
112,10008,Mahi,Mahi,32510.0,22.5347,73.1408,33299.6,185.72,52.70000076293945,509.2999877929688,6,1
113,10010,Mahi,Mahi,3880.0,23.3497,74.7181,3746.1,16.75,419.5,142.60000610351562,4,1
114,10011,Mahi,Mahi,16247.0,23.7675,74.1367,16405.0,8.05,277.29998779296875,284.79998779296875,6,1
115,10013,Mahi,Dhadhar (Independent river),2400.0,22.1103,73.0789,2547.4,4.77,74.30000305175781,99.5999984741211,4,1
116,10014,Mahi,Mahi/som,8329.0,23.8728,74.2236,8569.2,29.64,290.20001220703125,161.8000030517578,6,2
117,14001,WFRN,Ulhas,785.0,19.1622,73.2544,938.9,2.23,64.9000015258789,64.69999694824219,4,2
118,14003,WFRN,Vaitarna,2019.0,19.7125,72.9306,2023.3,5.05,39.0,112.5,5,1
119,14004,WFRN,Ambika,1510.0,20.8569,72.9836,1523.6,45.13,14.0,141.39999389648438,4,1
120,14005,WFRN,Mandovi/Khadepar,880.0,15.4711,74.1,867.1,1.86,39.79999923706055,63.20000076293945,4,1
121,14008,WFRN,Purna,1995.0,21.0156,73.1394,1726.1,5.61,44.0,134.39999389648438,5,1
122,14009,WFRN,Savitri/Kal,259.0,18.2317,73.2833,284.1,7.95,59.70000076293945,37.70000076293945,4,2
123,14011,WFRN,Amba,420.0,18.5192,73.1564,437.8,1.83,34.099998474121094,44.0,4,1
124,14012,WFRN,Damanganga,764.0,20.2033,73.2811,750.2,4.43,78.30000305175781,60.0,4,1
125,14014,WFRN,Wagh/Damanganga,640.0,20.1111,73.2647,663.8,6.45,72.30000305175781,47.59999847412109,4,2
126,14015,WFRN,Bhogeswari,125.0,18.7367,73.1108,123.0,5.89,15.699999809265137,24.899999618530277,3,2
127,15001,WFRS,Gurupur,688.0,12.9289,74.9539,707.9,3.35,22.200000762939453,59.900001525878906,5,1
128,15003,WFRS,Bharathapuzha/Kannadipuzha/Aliyar,950.0,10.6303,76.9461,926.6,0.63,154.0,52.400001525878906,4,1
129,15005,WFRS,Periyar/Chalakudy,1342.0,10.2814,76.3153,1313.3,8.66,34.400001525878906,100.8000030517578,4,2
130,15006,WFRS,Seetha,253.0,13.5214,74.88,290.6,4.38,29.299999237060547,43.20000076293945,4,1
131,15007,WFRS,Vamanapuram,540.0,8.715,76.85,543.1,3.4,13.5,52.0,3,1
132,15008,WFRS,Nethravathi,3184.0,12.8808,75.0411,3270.7,1.47,23.5,119.8000030517578,5,1
133,15009,WFRS,Payaswani,957.0,12.4792,75.1472,902.5,7.34,21.0,90.5,4,1
134,15010,WFRS,Halady,583.0,13.5817,74.8578,540.3,3.55,25.0,49.900001525878906,4,1
135,15011,WFRS,Muvattupuzha/Kaliyar,405.0,9.9906,76.6322,373.2,2.75,72.80000305175781,50.29999923706055,3,2
136,15012,WFRS,Pampa/Manimala,731.0,9.4036,76.6503,724.2,8.05,36.70000076293945,70.0999984741211,4,2
137,15013,WFRS,Kadalundi,750.0,11.0569,76.0394,774.0,6.11,32.599998474121094,62.900001525878906,4,1
138,15014,WFRS,Meenachil,615.0,9.6756,76.6056,607.7,8.89,41.20000076293945,44.79999923706055,4,1
139,15016,WFRS,Bharathapuzha,5755.0,10.85,76.02,5825.5,7.38,14.300000190734863,192.1000061035156,5,1
140,15017,WFRS,Chaliyar,1876.0,11.2394,76.0233,2018.9,3.79,32.599998474121094,88.19999694824219,5,1
141,15018,WFRS,Thambraparni,841.0,8.3053,77.1856,735.4,22.09,4.300000190734863,59.0,4,1
142,15019,WFRS,Pampa,1713.0,9.3325,76.6631,1625.6,5.51,39.400001525878906,104.6999969482422,4,1
143,15020,WFRS,Bharathapuzha,2775.0,10.7611,76.4861,2783.0,4.85,80.69999694824219,125.5999984741211,5,1
144,15021,WFRS,Periyar,4234.0,10.1833,76.5,4111.2,5.7,50.5,185.3000030517578,5,1
145,15022,WFRS,Kallada,1210.0,9.0728,76.7611,1205.6,3.6,36.59999847412109,87.19999694824219,4,1
146,15023,WFRS,Valapatnam,1070.0,11.9814,75.5875,1052.8,3.99,38.900001525878906,72.80000305175781,4,1
147,15024,WFRS,Bharathapuzha/Pulanthodu,940.0,10.8992,76.1972,903.7,1.05,42.900001525878906,72.5999984741211,4,2
148,15026,WFRS,Muvattupuzha,1208.0,9.845,76.4667,1437.6,2.54,33.70000076293945,89.69999694824219,4,1
149,15030,WFRS,Pamba/Achankovil,810.0,9.2325,76.7147,823.3,9.96,56.0,82.0,4,2
150,15031,WFRS,Periyar,712.0,9.5733,77.0908,695.5,0.42,173.0,62.70000076293945,4,1
151,15032,WFRS,Swarna,327.0,13.2942,74.9806,346.9,5.01,38.5,33.20000076293945,4,1
152,16001,EFRN,Sarada,2090.0,17.7,82.9953,2127.1,37.84,31.700000762939453,91.0999984741211,4,1
153,16004,EFRN,Vamsadhara,6740.0,19.0833,83.8056,6964.9,4.46,122.5999984741211,145.5,5,1
154,16007,EFRN,Vamsadhara,7820.0,18.8483,83.8731,7956.9,9.55,89.19999694824219,178.89999389648438,5,1
155,16012,EFRN,Rushikulya,7112.0,19.5167,84.8833,7043.5,35.82,17.600000381469727,155.1999969482422,5,1
156,16014,EFRN,Nagavali,9500.0,18.3133,83.8842,9096.9,23.23,8.600000381469727,232.6000061035156,5,1
157,17001,EFRS,Vaigai,850.0,9.9256,77.5117,709.4,10.99,226.3000030517578,62.900001525878906,3,2
158,17003,EFRS,Palar,3300.0,12.6842,78.5394,3182.2,7.75,235.1999969482422,147.3000030517578,4,1
159,17005,EFRS,Palar,16230.0,12.65,79.9472,16367.9,27.64,35.599998474121094,346.79998779296875,5,1
160,17006,EFRS,Ponnaiyar,4620.0,12.555,78.1386,5126.2,26.61,258.70001220703125,162.0,5,1
161,17007,EFRS,VVaigai/Vaippar,3721.0,9.3239,77.9903,3903.8,27.75,48.400001525878906,104.1999969482422,5,1
162,17009,EFRS,Vellar,7890.0,11.4222,79.4722,7215.0,31.14,34.29999923706055,197.1000061035156,5,1
163,17011,EFRS,Tambraparni,4380.0,8.7144,77.835,4751.6,39.89,36.900001525878906,113.9000015258789,5,1
164,17012,EFRS,Swarnamukhi,2650.0,13.9472,79.8972,2415.3,47.5,31.5,138.3000030517578,4,1
165,17015,EFRS,Vaigai,6796.0,9.5531,78.5861,5780.5,84.87,51.79999923706055,239.3999938964844,4,1
166,17019,EFRS,Vaigai/Suruliar,1200.0,10.0011,77.485,1356.6,15.01,219.6000061035156,71.5999984741211,4,1
167,17022,EFRS,Ponnaiyar,10780.0,12.0658,78.9781,11629.0,27.92,103.6999969482422,317.0,5,1
168,17024,EFRS,Ponnaiyar,12900.0,11.8706,79.4594,13405.2,21.85,41.400001525878906,379.2000122070313,5,1
