NSE_base_tcn,KGE_base_tcn,RMSE_base_tcn,MAE_base_tcn,PBIAS_base_tcn,Pearson_r_base_tcn,gauge_id,peak_obs_m3s_base_tcn,peak_sim_m3s_base_tcn,peak_diff_m3s_base_tcn,peak_rel_error_pct_base_tcn,peak_timing_days_base_tcn,high_flow_nse_base_tcn,n_timesteps_base_tcn,NSE_regional_tcn,KGE_regional_tcn,RMSE_regional_tcn,MAE_regional_tcn,PBIAS_regional_tcn,Pearson_r_regional_tcn,peak_obs_m3s_regional_tcn,peak_sim_m3s_regional_tcn,peak_diff_m3s_regional_tcn,peak_rel_error_pct_regional_tcn,peak_timing_days_regional_tcn,high_flow_nse_regional_tcn,n_timesteps_regional_tcn,delta_NSE,delta_KGE,delta_RMSE,delta_MAE,delta_high_flow_nse
-4.146170529143388,-3.594447678999545,68.58604431088564,46.08695068960259,444.3757128121071,0.5815840256303688,08001,990.0,1290.697021484375,300.697021484375,30.373436513573232,1766,-3.4531174644855023,14119,-61.66567741294903,-11.947099576366158,239.33628103810787,113.1863519843684,1116.1448582713833,0.6147177965962454,990.0,1900.9150390625,910.9150390625,92.01162010732324,7114,-75.58220546907427,14119,-57.51950688380564,-8.352651897366613,170.75023672722222,67.09940129476581,-72.12908800458877
0.3619258723893196,0.2647105347314825,240.74372418462815,76.06041066878936,-31.065283476683323,0.6536935734665551,08003,7731.67,1846.220458984375,-5885.449541015625,-76.12132360816777,-9870,-0.1196400203162268,14246,-0.6548467885556244,-0.4007578511035135,387.70223322572997,187.03418472874858,124.17766505378076,0.6364072151287848,7731.67,4278.2265625,-3453.4434375,-44.66620325880437,-7353,-0.44903216457117723,14246,-1.0167726609449441,-0.6654683858349959,146.95850904110182,110.97377405995923,-0.32939214425495045
0.307653166442245,0.1052366698898278,165.93487778886262,54.102517071337616,58.33647171749085,0.578899362197053,08005,6593.8,1617.940185546875,-4975.859814453125,-75.46270457783258,-2104,0.136721905407116,13918,0.13242598808313433,-0.5086355378276182,185.75011521286734,78.80361789252227,143.77306065434658,0.5628744580921325,6593.8,2036.95458984375,-4556.84541015625,-69.10803194146395,409,0.06423988440672979,13918,-0.17522717835911067,-0.613872207717446,19.81523742400472,24.701100821184653,-0.07248202100038623
0.1176401806170938,-0.1665495797146414,1434.455959087771,495.1621906293343,-77.19123290615141,0.675841352160476,08006,33087.95,5155.37841796875,-27932.571582031247,-84.41916643984064,-6949,-1.210145049838907,14217,0.5845472812716082,0.4313573709545695,984.294730574384,295.84489045692044,-27.802576947327072,0.8257064371068661,33087.95,6137.919921875,-26950.030078124997,-81.44968206892538,3980,-0.028306733635609316,14217,0.46690710065451435,0.597906950669211,-450.16122851338696,-199.31730017241387,1.1818383162032977
-0.2396092704895012,-0.5441373297537666,86.78572532575878,48.18866752089789,147.57491037693958,0.6760888697984748,08009,2872.0,1413.440673828125,-1458.559326171875,-50.7854918583522,15,-0.5992783425878649,14111,-0.26252487198263297,-0.5162951651894105,87.584218875294,45.883926167396524,142.89597992403608,0.7088651532062648,2872.0,1647.2652587890625,-1224.7347412109375,-42.64396731235855,3641,-0.7422563972576972,14111,-0.022915601493131765,0.027842164564356064,0.7984935495352232,-2.304741353501363,-0.14297805466983227
0.1980964238055765,-0.0580346727240561,637.3961071816091,210.3425391383112,-64.80758170391603,0.7040152991949067,08011,12700.0,3134.59765625,-9565.40234375,-75.31812869094489,-3577,-1.0612714932813696,14065,0.5749547209940389,0.4449299977585426,464.0512320078595,156.75480690383773,-21.05912456800883,0.8195169333928036,12700.0,3206.42822265625,-9493.57177734375,-74.75253367987204,7174,-0.04946546861114509,14065,0.3768582971884624,0.5029646704825987,-173.34487517374959,-53.587732234473464,1.0118060246702245
0.1210182479487133,-0.1455905124693244,906.3169495307149,267.7076705902145,-69.74369397424809,0.6375537778062321,08013,20000.0,2395.87109375,-17604.12890625,-88.02064453125,-4666,-0.5942943420983693,14121,0.6327249551254213,0.6352435479264817,585.8492560313331,229.2208933298416,29.11997439947204,0.8071581807248376,20000.0,10087.244140625,-9912.755859375,-49.563779296875,-9422,0.47256671307728504,14121,0.511706707176708,0.7808340603958062,-320.46769349938177,-38.48677726037289,1.0668610551756543
0.1561659711622633,-0.0815183072276217,627.0626769554855,165.71795290197477,-60.37051522663453,0.649781428611336,08016,21192.0,1843.767333984375,-19348.232666015625,-91.29970114201409,-5001,-0.315527327993472,14077,0.5630229772515254,0.5964359981134971,451.2443065472337,149.29340895410846,23.625950735071946,0.7549033820058842,21192.0,7914.77001953125,-13277.22998046875,-62.65208560055091,1,0.39515475092784424,14077,0.4068570060892621,0.6779543053411188,-175.81837040825178,-16.42454394786631,0.7106820789213162
0.4094576356304787,0.3370684578176739,182.0481841897358,63.16009800247909,19.325895034836478,0.6819017387439307,08020,5269.0,1958.0679931640625,-3310.932006835937,-62.83795799650669,-687,0.105748783967232,14228,0.07415391150111983,-0.7196082850884751,227.94507870065502,116.33937050931736,168.06442394721526,0.7205604664235088,5269.0,3460.821044921875,-1808.178955078125,-34.31730793467688,6949,0.09577277572184684,14228,-0.3353037241293589,-1.056676742906149,45.896894510919225,53.179272506838274,-0.009976008245385165
0.5642997205580635,0.5797438640520878,116.56296882461804,51.053248883646106,9.434110877681745,0.7574998080442837,08021,2693.63,1487.4495849609375,-1206.1804150390626,-44.77899396127392,-4540,-0.1142901102715991,13088,-1.2716077705052653,-0.9201444632725899,266.15421835501354,143.14852608881253,167.6515597295362,0.7739000248276011,2693.63,2897.5,203.8699999999999,7.568597023347672,-5178,-2.302909256096873,13088,-1.8359074910633288,-1.4998883273246777,149.5912495303955,92.09527720516643,-2.188619145825274
-2.630070114332277,-3.170228771902747,69.56961088859387,44.14201925710518,408.0182192292634,0.4185228078472718,08023,2329.0,886.053955078125,-1442.946044921875,-61.95560519200837,1377,-1.92238656344378,10700,-6.700019467311893,-3.488261342487548,101.32298579922636,44.13755856317538,408.9179016010528,0.39781670797062973,2329.0,1478.7205810546875,-850.2794189453125,-36.50834774346554,323,-7.38774834778317,10700,-4.0699493529796165,-0.3180325705848013,31.753374910632488,-0.004460693929800641,-5.46536178433939
0.4414048059122318,0.1503691386262052,85.09071479048733,44.31082725281571,63.46387447226563,0.7232217911073684,08028,2000.0,754.94482421875,-1245.05517578125,-62.2527587890625,-4613,0.1762955016241888,10629,0.45276784607350673,0.14465042713545517,84.2208030595846,40.1180636113176,82.19497607109184,0.7754608576502274,2000.0,1448.18603515625,-551.81396484375,-27.5906982421875,-3937,0.19297450073143374,10629,0.011363040161274929,-0.005718711490750039,-0.8699117309027287,-4.192763641498111,0.016678999107244935
0.2938024834180496,0.1858248756370886,317.014182490477,82.15400217478853,-20.137782502392238,0.6559734815688213,08029,8457.0,1743.701904296875,-6713.298095703125,-79.38155487410577,10616,-0.083412227181719,12787,0.20716046598269655,-0.41922410958712875,335.8986418158957,164.06797480790752,138.12735166767396,0.6753086254453986,8457.0,4635.94482421875,-3821.05517578125,-45.1821588717187,4903,0.1947159579119112,12787,-0.08664201743535305,-0.6050489852242174,18.884459325418675,81.91397263311899,0.27812818509363024
0.3086375557063739,0.1196833148234958,169.3361432848165,56.64532453869303,51.8091086751658,0.594869075059054,08030,10958.38,1604.1629638671875,-9354.217036132812,-85.36131285949942,10,0.1401355905691622,13069,0.060546113779614164,-0.6443802497615254,197.39425363293554,87.01597548451893,159.26664631908702,0.5908546191699838,10958.38,4574.9638671875,-6383.416132812499,-58.25145808789711,-7149,-0.019966513757330384,13069,-0.24809144192675975,-0.7640635645850212,28.058110348119044,30.3706509458259,-0.16010210432649258
0.2384523497858166,0.1558663174466936,247.1001508007267,64.51885979622246,2.4344973246013373,0.576243770222437,08031,14545.0,1416.369873046875,-13128.630126953123,-90.2621528150782,1399,-0.0398511164637551,14135,0.3866327646490282,0.31064285693686866,221.76078785479805,64.71565030694184,32.67482727640319,0.6386200188578236,14545.0,2973.89306640625,-11571.10693359375,-79.5538462261516,1,0.18268541274583106,14135,0.1481804148632116,0.15477653949017506,-25.339362945928656,0.19679051071938147,0.22253652920958616
0.1052845794222638,-0.1930901019565165,1293.1583797994376,400.34037180637057,-77.57417963630407,0.7006855851157632,08034,22800.0,3317.00634765625,-19482.99365234375,-85.45172654536732,12,-0.9909894271729144,12160,0.5383201460554867,0.35822413140784115,928.9230064798962,262.1036892228378,-29.524313583293353,0.8303601685469999,22800.0,5951.9111328125,-16848.0888671875,-73.8951266104715,3980,-0.01922076223578517,12160,0.43303556663322296,0.5513142333643577,-364.2353733195414,-138.2366825835328,0.9717686649371292
0.2095470634835273,0.0068584636110241,475.445292918316,119.49191700539092,-49.326909635517126,0.6334510195643612,08035,11331.68,1927.3768310546875,-9404.303168945313,-82.99125256753909,-8293,-0.311779102197629,14187,0.5326064482886009,0.4965945679593966,365.59807614094683,111.09331539763619,9.961577712727609,0.7518327302010558,11331.68,3525.784912109375,-7805.895087890625,-68.88559408570156,2578,0.279725185917993,14187,0.3230593848050736,0.4897361043483725,-109.84721677736917,-8.398601607754728,0.5915042881156221
0.3494545841672912,0.2802253279495168,213.9538946590148,62.772503818103,-20.00044896442481,0.637380902405314,08036,10404.0,1703.1031494140625,-8700.896850585938,-83.6303042155511,369,-0.2292552285625291,14113,-0.025760661990040346,-0.11378115741505357,268.66086328593985,126.47969136976211,103.35548708960455,0.6844010350644718,10404.0,3782.47265625,-6621.52734375,-63.64405366926182,-771,-0.2593129809807597,14113,-0.37521524615733154,-0.3940064853645704,54.70696862692506,63.70718755165911,-0.03005775241823061
0.0422370428796513,-0.2159235120088281,2999.673172915428,1242.553843224286,-83.01486906849816,0.6399286405963065,08038,33800.0,9959.0576171875,-23840.9423828125,-70.5353324935281,8387,-1.9442493292225131,13716,0.5111428030474696,0.2725925276875526,2143.067882332866,835.6743733058829,-47.125412344190664,0.8334274339352701,33800.0,9527.5810546875,-24272.4189453125,-71.81189037074705,11877,-0.49938714163958187,13716,0.4689057601678183,0.4885160396963807,-856.6052905825622,-406.8794699184032,1.4448621875829313
-0.168964464551536,-0.8055769378334698,73.54436945954058,51.5844684319695,177.52322199438737,0.6791507620730343,12001,2094.6,929.891357421875,-1164.708642578125,-55.60530137391984,-5068,-0.1419380159204371,6163,-1.6227610330247666,-1.218907085206463,110.16106745435859,56.52217208329992,200.27493613982537,0.68187262030874,2094.6,1304.382568359375,-790.2174316406249,-37.726412281133626,-5068,-3.0036585926230144,6163,-1.4537965684732306,-0.4133301473729931,36.61669799481801,4.937703651330423,-2.8617205767025773
0.1913700405892511,-0.0856045282026993,813.5471768013183,269.3876830240261,-70.70226333222843,0.6887927306075544,12004,21500.0,6200.68017578125,-15299.31982421875,-71.15962708938953,-366,-0.4394334077736666,13692,0.47173928621848304,0.2980877082565734,657.5548499732602,208.62982278209245,-37.381552482112085,0.7730493603624399,21500.0,4292.75048828125,-17207.24951171875,-80.03371865915697,0,0.08312671868762567,13692,0.28036924562923193,0.3836922364592727,-155.99232682805814,-60.757860241933656,0.5225601264612922
0.0948874185947193,-0.1164398700860673,148.8360210465913,34.773472519881885,58.97157260097433,0.3221549882452752,12006,7600.0,782.7491455078125,-6817.250854492188,-89.7006691380551,1,-0.0039383404949975,14211,0.007323660005311816,0.2252768744914525,155.86930022855773,25.20838818869612,5.516803533621164,0.32120830531316097,7600.0,1635.18212890625,-5964.81787109375,-78.48444567228618,2951,-0.13699912523959967,14211,-0.08756375858940749,0.3417167445775198,7.033279181966435,-9.565084331185766,-0.13306078474460217
0.1619334421275419,0.0236138189983498,294.1294254923915,63.55212104943446,-27.992775596417093,0.5012600052116483,12009,9070.0,1183.565673828125,-7886.434326171875,-86.95076434588617,1681,-0.112904874608372,8513,0.2549219546936391,0.3187801892877842,277.33207588670547,66.96548986498792,3.178596242848861,0.5056521180917561,9070.0,2509.4052734375,-6560.5947265625,-72.33290767985116,334,0.03326493749319859,8513,0.09298851256609719,0.2951663702894344,-16.79734960568601,3.4133688155534543,0.1461698121015706
0.1407387733257471,-0.3033304813225539,188.5157051020926,55.14896049390806,106.41362182561016,0.4232530423429086,12012,9625.0,1898.830078125,-7726.169921875,-80.2718952922078,-9084,0.0605334100369144,14107,0.19040861166327272,0.18302205266707006,182.9860022948087,35.79255644834717,39.93918191192037,0.4510956463699822,9625.0,1795.5748291015625,-7829.4251708984375,-81.3446771002435,2239,0.07027372682863786,14107,0.04966983833752561,0.48635253398962397,-5.529702807283883,-19.356404045560893,0.009740316791723463
-1.952587559844133,-4.114305068071151,42.43942290033306,24.13231875836838,505.03001246214825,0.339427209409574,12015,1094.27,501.0047607421875,-593.2652392578125,-54.21561764992301,634,-1.4268165758327052,5511,-5.854835898795576,-1.6032854866606918,64.66460187651481,10.863663794403825,182.49318893857216,0.3041413245888337,1094.27,1250.70166015625,156.43166015625002,14.295526712443,301,-7.453512816540087,5511,-3.902248338951443,2.5110195814104594,22.225178976181752,-13.268654963964556,-6.026696240707382
0.149835600633843,0.1303941444383056,130.481418472758,42.25971555549003,33.28476683497709,0.4029739291686415,12016,4710.0,1079.4951171875,-3630.5048828125,-77.08078307457538,1078,-0.1294926416249093,10934,-0.19714814899267785,0.09284293405003508,154.83572109253612,50.75598414815843,69.62741338725135,0.41852292069692587,4710.0,1497.058349609375,-3212.941650390625,-68.21532166434447,1,-0.46745455914246725,10934,-0.34698374962652084,-0.03755121038827053,24.35430261977811,8.4962685926684,-0.33796191751755794
0.2016668601049136,0.1474255566159602,179.1181299725425,47.29311878563191,16.22289408712868,0.4626082172784871,12018,10138.0,1484.52197265625,-8653.47802734375,-85.35685566525696,-11725,-0.0420269594497422,13809,0.18946938174730688,0.3761264444217838,180.48128739277075,45.573571509936485,21.197674818524543,0.49009044467609564,10138.0,2380.777587890625,-7757.222412109375,-76.51629919224082,-5872,-0.048902553509286406,13809,-0.012197478357606734,0.22870088780582357,1.363157420228248,-1.719547275695426,-0.006875594059544209
0.1252406541981126,-0.1883163865607455,2105.8376719531198,683.8351493525088,-79.3956551233316,0.5827547614284219,12020,60642.0,10899.265625,-49742.734375,-82.02686978496752,-4015,-0.6677295553789031,14007,0.43794672349283037,0.25478558916228256,1687.9879306250673,526.7230580039482,-42.6981173419151,0.7400606502956462,60642.0,9525.1455078125,-51116.8544921875,-84.29282426731885,-3670,-0.022596315145792634,14007,0.3127060692947178,0.44310197572302806,-417.84974132805246,-157.11209134856063,0.6451332402331105
0.0908164769365411,-0.2092215613001453,1785.9070506505152,631.3254279535544,-82.11651959573959,0.7070140929637513,12025,31879.9,7521.23583984375,-24358.66416015625,-76.40759274701693,-6955,-0.9026368640390516,14192,0.5463612287219626,0.3188959120028956,1261.5026184891033,393.99375384615666,-41.475688264231565,0.8348043134327474,31879.9,8746.1494140625,-23133.7505859375,-72.56531728749933,-5088,0.059312555471979445,14192,0.4555447517854215,0.5281174733030409,-524.4044321614119,-237.3316741073977,0.9619494195110311
0.138170247466808,-0.1541907701292348,1541.3475756334635,514.0154286245474,-76.76377677126301,0.5980671570597101,12026,28600.0,13093.3984375,-15506.6015625,-54.21888658216783,5143,-0.6068694555028258,14246,0.5134972898230405,0.33058890859812673,1158.063767946073,343.8494869829526,-36.456073007388106,0.7986608509284885,28600.0,8048.638671875,-20551.361328125,-71.85790674169581,5509,0.10743375497709273,14246,0.37532704235623254,0.4847796787273615,-383.28380768739044,-170.16594164159483,0.7143032104799185
0.1232659045678109,0.0568620497232422,185.82043782103813,43.35590390180899,15.824642342570504,0.3529329427254099,12029,8300.0,2403.463134765625,-5896.536865234375,-71.0426128341491,2946,-0.055664844898114,12776,0.044219434472676844,0.26059245217841376,194.01648341137198,37.045857286423384,-5.019738066948473,0.3552761455066827,8300.0,2175.09521484375,-6124.90478515625,-73.7940335560994,3877,-0.13524379472064219,12776,-0.07904647009513406,0.20373040245517154,8.196045590333853,-6.310046615385609,-0.0795789498225282
0.1201742924447994,-0.1754999031320476,2191.6972296200547,798.8433893311127,-80.21657391133914,0.6159078059029325,12035,48200.0,10867.7880859375,-37332.2119140625,-77.45272181340768,1838,-0.5747342736116328,14333,0.3476913683309496,0.10321320683799817,1887.1603254759561,643.3413887842277,-57.04759962996769,0.7442243493965576,48200.0,8459.93359375,-39740.06640625,-82.44827055238589,-3669,-0.15437262056783796,14333,0.22751707588615022,0.2787131099700458,-304.53690414409857,-155.50200054688503,0.4203616530437948
0.310053563849383,0.234741439350694,233.427082947702,63.32943238212656,-18.428434330614408,0.6104899233372747,12036,6806.05,1903.37744140625,-4902.67255859375,-72.03403675544186,-9467,-0.1884727197820037,14251,0.3730665692891647,0.5208123300954477,222.51242634280086,69.72059334255789,19.270248686947077,0.6290646206732801,6806.05,1844.8267822265625,-4961.223217773438,-72.89431047044083,-8016,0.009348372297076635,14251,0.06301300543978172,0.28607089074475367,-10.914656604901126,6.391160960431328,0.19782109207908033
0.2051868132162668,0.1845775884014334,230.76476338678776,63.20865668899398,3.707937850049596,0.4578529594448987,12038,11600.0,2610.234130859375,-8989.765869140625,-77.49798163052263,-1836,-0.179374132892929,14277,0.2439615334061177,0.3298886167342825,225.06549049616726,60.066905467987326,11.483529771215586,0.49982486053470354,11600.0,1343.9759521484375,-10256.024047851562,-88.41400041251347,-7294,-0.10522700953054809,14277,0.0387747201898509,0.1453110283328491,-5.699272890620506,-3.1417512210066576,0.07414712336238091
0.586048154117861,0.5116416387397618,95.79850278915012,40.84878038930572,17.60810321676735,0.793522341526841,12043,2202.29,1987.4525146484373,-214.8374853515625,-9.755185981481208,-5065,0.227821431636871,13994,-0.6912988176844688,-0.7854109821824142,193.6395133553568,85.67879723638711,155.01982583585772,0.8285818805472451,2202.29,3670.599365234375,1468.309365234375,66.6719353597562,-12022,-1.6754928709664525,13994,-1.2773469718023298,-1.297052620922176,97.84101056620668,44.83001684708139,-1.9033143026033235
-0.1289016649091325,-1.1458822675253844,68.37382331540621,30.932167790513432,203.9794439081524,0.3870162278962876,12044,2395.03,706.4298095703125,-1688.6001904296877,-70.50434401363188,-1809,-0.0747186620881623,5967,-0.7661828234354724,-0.1970467538790872,85.52235217246931,18.61151068404709,96.66230104473034,0.3482582840068173,2395.03,1406.2874755859375,-988.7425244140627,-41.283095594379304,-2203,-1.077342567208142,5967,-0.6372811585263399,0.9488355136462971,17.1485288570631,-12.320657106466342,-1.0026239051199797
0.1372836093248844,-0.1460528066297435,1071.7696161213871,364.0766676050527,-75.61887930325229,0.6314898207921833,12046,25288.18,8687.34375,-16600.83625,-65.64662324453559,-4010,-0.5486424145898714,14254,0.45517097331721956,0.2414231418980065,851.7213523287802,260.5008519574558,-43.88337549208365,0.791728099346698,25288.18,5540.1650390625,-19748.0149609375,-78.09187913458976,-3644,0.02896267455601076,14254,0.3178873639923352,0.38747594852775,-220.04826379260692,-103.57581564759693,0.5776050891458822
