epoch,train_loss,val_loss,lr
1,0.06968493830258324,0.023413185154398282,0.0009939057285945933
2,0.0320917389591241,0.02291299911836783,0.0009757729755661012
3,0.029142407222612368,0.02609264270299011,0.0009460482294732422
4,0.027726364901168105,0.02329657115870052,0.0009054634122155991
5,0.026627162785792843,0.02066902586569389,0.0008550178566873411
6,0.026306800669951905,0.02072699846078952,0.0007959536998847743
7,0.025389696403456157,0.021086247203250728,0.0007297252973710758
8,0.02526217010229297,0.021064056389861637,0.0006579634122155991
9,0.025020025314531735,0.022339404413683546,0.0005824350601949144
10,0.024443933172096338,0.020341637538125117,0.0005050000000000001
11,0.024240080512090194,0.023881213433212704,0.000427564939805086
12,0.02402491403591527,0.020203238945040437,0.0003520365877844012
13,0.02350521772570864,0.01921553492960003,0.00028027470262892445
14,0.02322721308368374,0.020052030082378124,0.0002140463001152259
15,0.023040537816621142,0.020515074665761655,0.00015498214331265904
16,0.02274841314917926,0.019685842382411164,0.00010453658778440108
17,0.022385586771122096,0.019584540572638313,6.395177052675796e-05
18,0.02206315648061989,0.019746012970184287,3.422702443389901e-05
19,0.022083732741515663,0.019606149470847514,1.6094271405406862e-05
