gauge_id,river_basin,cwc_river,cwc_site_name,cwc_area_km2,xgboost_nse,base_tcn_nse,regional_tcn_nse,option_b_q50_nse,xgboost_kge,base_tcn_kge,regional_tcn_kge,option_b_q50_kge,xgboost_pearson_r,base_tcn_pearson_r,regional_tcn_pearson_r,option_b_q50_pearson_r,xgboost_rmse,base_tcn_rmse,regional_tcn_rmse,option_b_q50_rmse,xgboost_mae,base_tcn_mae,regional_tcn_mae,option_b_q50_mae,xgboost_pbias,base_tcn_pbias,regional_tcn_pbias,option_b_q50_pbias,xgboost_high_flow_nse,base_tcn_high_flow_nse,regional_tcn_high_flow_nse,option_b_q50_high_flow_nse,option_b_picp_80,option_b_mpiw,option_b_winkler_80,option_b_coverage_p10,option_b_coverage_p50,option_b_coverage_p90,option_b_crossing_violations_pct,option_b_hf_picp_80,option_b_hf_mpiw
08001,Mahanadi,Mahanadi/Seonath/Hamp,Andhiyarkhore,2210.0,-259.1974230645766,-4.146170529143388,-61.66567741294903,-14.804141745762655,-47.10844911574698,-3.594447678999545,-11.947099576366158,-4.264375964227435,0.5262806279870254,0.5815840256303688,0.6147177965962454,0.6274291822841561,486.6842111522873,68.58604431088564,239.33628103810787,115.07558689185228,484.74597640499553,46.08695068960259,113.1863519843684,38.91719919448468,4810.070982248523,444.3757128121071,1116.144858271383,408.24722723078736,-53.02227882035921,-3.4531174644855023,-75.58220546907427,-22.238355597323178,0.8492490790592235,111.87992408127649,200.4103897786539,0.24879569283083025,0.9759138566166052,0.9971663360725418,0.0,0.40509915014164305,513.7208457492904
08003,Mahanadi,Mahanadi/Hasdeo,Bamnidhi,9730.0,-1.8988957037698992,0.3619258723893196,-0.6548467885556244,0.21909904337302477,-2.7611608299389814,0.2647105347314825,-0.4007578511035135,0.5638814647691466,0.5759958470920905,0.6536935734665551,0.6364072151287848,0.7005353454446671,512.1652336672527,240.74372418462815,387.70223322573,244.79807700888887,477.0293398096284,76.06041066878936,187.03418472874856,120.62476250097909,371.9035713030805,-31.065283476683323,124.17766505378076,23.741993071493333,0.046528396631036,-0.1196400203162268,-0.4490321645711772,0.2777243332373778,0.5989597591021079,322.6850910912531,607.6162067612785,0.13742129756364632,0.28825622775800713,0.7363810566657542,0.0,0.6530054644808743,1436.2493433926275
08005,Mahanadi,Mahanadi/Pairi,Baronda,3225.0,-7.527428721723554,0.307653166442245,0.1324259880831343,0.29965410885279065,-11.131002129759093,0.1052366698898278,-0.5086355378276182,0.3309031695795992,0.368969613963316,0.578899362197053,0.5628744580921325,0.5486427882665124,581.0753200518665,165.93487778886262,185.7501152128673,196.01974157299978,516.8212793508296,54.102517071337616,78.80361789252227,40.43775455822434,1210.646324681761,58.33647171749085,143.77306065434658,15.266408014483236,-2.061834364324287,0.136721905407116,0.0642398844067297,0.115409512782371,0.8741457858769932,113.56990869821882,235.3830036293673,0.29470387243735763,0.9071753986332574,0.9837699316628702,0.0,0.7670454545454546,516.6206381754441
08006,Mahanadi,Mahanadi,Basantpur,57780.0,-0.2750713078582183,0.1176401806170938,0.5845472812716082,0.5425705979942825,-0.4196564834371896,-0.1665495797146414,0.4313573709545695,0.28601312733273454,0.7354641045155385,0.675841352160476,0.8257064371068661,0.8395478293980941,1721.1248029415312,1434.455959087771,984.294730574384,1038.77778776715,931.891441454562,495.1621906293343,295.84489045692044,336.3920028190289,131.69741425514073,-77.19123290615141,-27.802576947327072,-47.18223565861709,-0.8453339500536416,-1.210145049838907,-0.0283067336356093,-0.09413074681872824,0.6586367369285518,903.4972639462408,1560.073964499644,0.0016424856282507528,0.05502326854640022,0.6602792225568026,0.0,0.8360655737704918,4874.325136862166
08009,Mahanadi,Mahanadi/Seonath,Ghatora,3035.0,-40.15217813636801,-0.2396092704895012,-0.2625248719826329,-0.6670613735879329,-16.587257822916424,-0.5441373297537666,-0.5162951651894105,-0.16190986317313083,0.6358861212241069,0.6760888697984748,0.7088651532062648,0.7743190685670536,499.0455460992117,86.78572532575878,87.584218875294,66.54144780687213,493.0563844732591,48.18866752089789,45.88392616739653,21.434743130310263,1758.02559326716,147.57491037693958,142.89597992403608,75.28790114849131,-9.855036403244837,-0.5992783425878649,-0.7422563972576972,-2.8390615152659757,0.9381243063263041,83.63973395276679,107.8662501488621,0.3199223085460599,0.8568257491675916,0.9911209766925638,0.0,0.7430939226519337,405.91535062421093
08011,Mahanadi,Mahanadi/Seonath,Jondhra,29645.0,-0.3649531341121441,0.1980964238055765,0.5749547209940389,0.6194095456565606,-1.1504817194501982,-0.0580346727240561,0.4449299977585426,0.4285368844493733,0.7118571991663201,0.7040152991949067,0.8195169333928036,0.8251038651316761,829.9581579790332,637.3961071816091,464.0512320078595,389.05910169332253,625.9926702846733,210.3425391383112,156.75480690383773,128.32132773794777,212.35392630476235,-64.80758170391603,-21.05912456800883,-39.87107739680472,-0.3245347167122203,-1.0612714932813696,-0.049465468611145,0.040031389289297614,0.8576290414066932,385.9132364871349,606.703916721701,0.0760068065796937,0.43505388542257517,0.8590470788428815,0.0,0.7110481586402266,2485.946218366326
08013,Mahanadi,Mahanadi/Tel,Kantamal,19600.0,0.2815469884896553,0.1210182479487133,0.6327249551254213,0.4960858330701744,-0.1650934756514253,-0.1455905124693244,0.6352435479264817,0.6608616845440707,0.6856575595653234,0.6375537778062321,0.8071581807248376,0.8294533031113163,817.770722570089,906.3169495307149,585.8492560313331,869.2205724383717,504.8114604418179,267.7076705902145,229.2208933298416,251.55621850724614,96.36125969795344,-69.74369397424809,29.11997439947204,12.476019864194686,0.076808900982043,-0.5942943420983693,0.472566713077285,0.1611913067361641,0.8154941144264988,942.1575599438584,1373.5293128935957,0.08349301943607994,0.322200930741856,0.8989871338625787,0.0,0.6994535519125683,5844.091606369436
08016,Mahanadi,Mahanadi/Tel,Kesinga,11960.0,0.0089133036788213,0.1561659711622633,0.5630229772515254,0.2343753086446263,-0.7431859515164301,-0.0815183072276217,0.5964359981134971,0.6091060898458411,0.6296688337381161,0.649781428611336,0.7549033820058842,0.7336365399822466,678.2010867385585,627.0626769554855,451.2443065472337,759.8342568779649,457.5795744476632,165.71795290197477,149.29340895410846,194.84088408763853,153.67877043488858,-60.37051522663453,23.625950735071942,-2.736049776217741,0.030082108252559,-0.315527327993472,0.3951547509278442,-0.1582264083756979,0.5852723788666849,558.5267729927604,999.8093054277747,0.0405146454968519,0.18313714754995894,0.6257870243635368,0.0,0.6557377049180327,3877.9902738769197
08020,Mahanadi,Mahanadi/Seonath,Kotni,6990.0,-3.881820628358129,0.4094576356304787,0.0741539115011198,-0.18170354737239802,-7.172128995034647,0.3370684578176739,-0.7196082850884751,-0.08800843268597935,0.6265209115736098,0.6819017387439307,0.7205604664235088,0.7162355771299713,522.323427051667,182.0481841897358,227.94507870065505,227.33850962907636,504.0672318872324,63.16009800247909,116.33937050931736,69.91307603621338,815.7098274022452,19.325895034836478,168.06442394721526,91.51481709231508,-0.1212663756837848,0.105748783967232,0.0957727757218468,-0.6000557662100923,0.9255903349807798,271.858728254843,354.47699335633496,0.514827018121911,0.8594179022515102,0.9774848984074684,0.0,0.673972602739726,1825.9644051120706
08021,Mahanadi,Mahanadi/Mand,Kurubhata,4625.0,-9.253885805959904,0.5642997205580635,-1.2716077705052653,-4.454067736027559,-5.637319817134579,0.5797438640520878,-0.92014446327259,-1.0724222910371224,0.6227699596704179,0.7574998080442837,0.7739000248276011,0.7056373117485002,564.3479182224523,116.56296882461804,266.15421835501354,410.76053920386386,533.6545817173311,51.053248883646106,143.14852608881253,91.18371134673603,661.4425005276361,9.434110877681745,167.6515597295362,76.26561668546236,-2.8891914748562675,-0.1142901102715991,-2.302909256096873,-11.913545888161327,0.9198270126413839,281.331853357697,582.1564268313958,0.08383233532934131,0.6796407185628742,0.9800399201596807,0.0,0.5647840531561462,1703.249449771108
08023,Mahanadi,Mahanadi/Hasdeo,Manendragarh,1100.0,-182.80722622524587,-2.630070114332277,-6.700019467311893,-0.4013266881367048,-46.76116527641441,-3.170228771902747,-3.488261342487548,-0.06036255034906812,0.4725529192200677,0.4185228078472718,0.3978167079706297,0.6393508141311957,495.0434950936857,69.56961088859387,101.32298579922636,30.0210310671488,491.7800879199447,44.14201925710518,44.13755856317538,12.712381937991356,4775.057342272446,408.0182192292634,408.9179016010528,88.10768192815931,-34.60053085044781,-1.92238656344378,-7.38774834778317,-1.5720246377462028,0.9597591021078565,56.071824224948756,61.994347271108644,0.258965234054202,0.8992608814672871,0.9879551053928278,0.0,0.8114754098360656,228.17717113390646
08028,Mahanadi,Mahanadi/Seonath/Kharun,Patharidih,2511.0,-19.35259610854727,0.4414048059122318,0.4527678460735067,0.4233821333446013,-13.97791893589238,0.1503691386262052,0.1446504271354551,0.2889068034061262,0.6687364860842829,0.7232217911073684,0.7754608576502274,0.7019041668151543,513.6218390875713,85.09071479048733,84.2208030595846,80.91338475103082,505.0611073993881,44.31082725281571,40.1180636113176,20.811833490258486,1497.338698436206,63.46387447226563,82.19497607109184,-35.32488249732045,-3.871317439345492,0.1762955016241888,0.1929745007314337,-0.012416086517277547,0.9483447488584474,62.38856531822518,117.6067773143995,0.3704337899543379,0.7625570776255708,0.9509132420091324,0.0,0.6752136752136753,306.95736422633854
08029,Mahanadi,Mahanadi,Rajim,8760.0,-1.249398989968876,0.2938024834180496,0.2071604659826965,0.3284317124750552,-3.99944107099185,0.1858248756370886,-0.4192241095871287,0.5361533380866701,0.5850452308857078,0.6559734815688213,0.6753086254453986,0.73262917464025,564.4605365594147,317.014182490477,335.8986418158957,338.8961307041722,513.9110924119855,82.15400217478853,164.06797480790752,89.63265882222207,495.6250519185165,-20.137782502392238,138.12735166767396,33.34976489853302,0.1267325216063072,-0.083412227181719,0.1947159579119112,-0.041632437262810296,0.8576148993691799,275.2962911943302,492.20253339396754,0.12376088915590268,0.885551216581556,0.9813757885250826,0.0,0.6966966966966966,1674.6465585153023
08030,Mahanadi,Mahanadi/Jonk,Rampur,2920.0,-6.005788617685421,0.3086375557063739,0.0605461137796141,0.17218522456030072,-10.411169997501371,0.1196833148234958,-0.6443802497615254,0.01781822331724725,0.5149727052818086,0.594869075059054,0.5908546191699838,0.5242961439091711,537.7928288851567,169.3361432848165,197.39425363293557,254.4514349033539,514.8277039551116,56.64532453869303,87.01597548451893,62.91739294162366,1139.948376673735,51.8091086751658,159.26664631908702,83.83215525123009,-0.772555663030287,0.1401355905691622,-0.0199665137573303,0.055466181396272796,0.9230322393261691,231.17347431875334,331.8197608116786,0.2654661632297415,0.9546906767354052,0.9936102236421726,0.0,0.663768115942029,1335.534013676298
08031,Mahanadi,Mahanadi/Ong,Salebhata,4650.0,-2.793217122995324,0.2384523497858166,0.3866327646490282,0.425277789685084,-6.949090215386714,0.1558663174466936,0.3106428569368686,0.29039453538068527,0.5362631252364483,0.576243770222437,0.6386200188578236,0.7016089511644482,550.2927281854658,247.1001508007267,221.76078785479805,228.45305753962683,514.2586594599188,64.51885979622246,64.71565030694184,46.59086375785262,792.6678893601954,2.4344973246013373,32.67482727640319,-34.2529261176303,-0.1402799814053312,-0.0398511164637551,0.182685412745831,0.14355047687027633,0.9327267714364489,103.64900963096734,273.4147420945758,0.08850289495450786,0.8571822442790185,0.9531293079680176,0.0,0.5537190082644629,533.8257094874526
08034,Mahanadi,Mahanadi,Seorinarayan,48050.0,-0.7421871757035969,0.1052845794222638,0.5383201460554867,0.5270605437650473,-1.0123908295370223,-0.1930901019565165,0.3582241314078411,0.27222685523542334,0.7128513634858575,0.7006855851157632,0.8303601685469999,0.8404358337078709,1804.4990735984732,1293.1583797994376,928.9230064798962,968.6438145565908,1001.606005600076,400.34037180637057,262.1036892228378,269.94325697323296,189.79931597026703,-77.57417963630407,-29.524313583293356,-44.91614071679089,-1.331544331255655,-0.9909894271729144,-0.0192207622357851,-0.13719884491650403,0.9284140969162996,717.1589810963769,1231.2954199307815,0.004129955947136564,0.4485132158590308,0.9325440528634361,0.0,0.7950819672131147,4083.6414339659646
08035,Mahanadi,Mahanadi/Seonath,Simga,30761.0,-1.86804838102294,0.2095470634835273,0.5326064482886009,0.49420735286049566,-3.2627403244669084,0.0068584636110241,0.4965945679593966,0.4630286909103093,0.6286657945288149,0.6334510195643612,0.7518327302010558,0.7120643166395318,903.7653802843864,475.445292918316,365.5980761409468,410.9935146004555,676.2556346640354,119.49191700539092,111.0933153976362,90.58006996517081,421.6799305131714,-49.326909635517126,9.961577712727609,-24.42649849711553,-1.1794518841485644,-0.311779102197629,0.279725185917993,0.25542492342416245,0.9050263815606776,289.37101305342156,473.5262194073356,0.06220494307136906,0.5662316023326853,0.9111357956123299,0.0,0.7700831024930748,2019.223461098288
08036,Mahanadi,Mahanadi/Ib,Sundergarh,5870.0,-2.347266734244128,0.3494545841672912,-0.0257606619900403,0.3638137238738036,-3.4673298241961925,0.2802253279495168,-0.1137811574150535,0.6363624801486182,0.6649288712969406,0.637380902405314,0.6844010350644718,0.7715334368690996,484.3708581199467,213.9538946590148,268.66086328593985,154.19248566441829,457.3060760768846,62.772503818103,126.47969136976212,52.250404740943026,443.2037346873733,-20.00044896442481,103.35548708960457,13.542768307447977,0.0154760254798967,-0.2292552285625291,-0.2593129809807597,-1.032852152066654,0.9343250070165591,185.0930696691384,286.3161125322289,0.04799326410328375,0.790625877069885,0.9691271400505193,0.0,0.6330532212885154,866.3474894504922
08038,Mahanadi,Mahanadi,Tikarapara,124450.0,0.5885817350173277,0.0422370428796513,0.5111428030474696,0.5817991092694343,0.6684748588437267,-0.2159235120088281,0.2725925276875526,0.29242684917145934,0.7843305174006784,0.6399286405963065,0.8334274339352701,0.8854963002864664,1962.2872287399716,2999.673172915428,2143.067882332866,1824.2508178960268,912.5731620998076,1242.553843224286,835.6743733058829,875.8541999132017,23.20669490386769,-83.01486906849816,-47.12541234419066,-52.62352530652535,0.1344110003505977,-1.9442493292225131,-0.4993871416395818,-0.3444619748416158,0.2422550934970695,1453.9748349499841,4328.828539502216,0.0055819145967066705,0.03656154060842869,0.24783700809377618,0.0,0.7158774373259053,7363.424673818944
12001,Narmada,Narmada/Banjar,Bamni,1864.0,-49.857262703877765,-0.168964464551536,-1.6227610330247666,-0.14083992158965497,-17.24976541090162,-0.8055769378334698,-1.218907085206463,0.3717502887950075,0.6463818013648699,0.6791507620730343,0.68187262030874,0.6637415429395901,485.09328732091296,73.54436945954058,110.1610674543586,75.16085271687324,481.4322648698001,51.5844684319695,56.52217208329992,22.742204524306793,1824.5234285090385,177.52322199438737,200.27493613982537,32.93372977712851,-11.009206779206297,-0.1419380159204371,-3.0036585926230144,-1.3294318374251315,0.9623298512187402,95.66233033038046,114.66247700893187,0.18455207344096233,0.7784108895220007,0.9768914213358658,0.0,0.8481012658227848,535.0121511386919
12004,Narmada,Narmada,Barmanghat,26453.0,0.2684933890598369,0.1913700405892511,0.471739286218483,0.5845582828748996,-0.0574022148310406,-0.0856045282026993,0.2980877082565734,0.37124446854590676,0.647578757304234,0.6887927306075544,0.7730493603624399,0.8086584178919198,772.2442320458166,813.5471768013183,657.5548499732602,493.5426134067394,464.33119989313616,269.3876830240261,208.62982278209245,245.49657386861236,82.31458568739114,-70.70226333222843,-37.381552482112085,-52.674610541152255,0.0699206004654812,-0.4394334077736666,0.0831267186876256,0.33978160664888934,0.1787571858746236,418.86274708586785,1522.8295771033086,0.005201204489460717,0.05365453052285792,0.18395839036408432,0.0,0.7103825136612022,3075.404422593247
12006,Narmada,Narmada/Sher,Belkheri,1508.0,-8.948484084040038,0.0948874185947193,0.0073236600053118,0.023388664496866274,-18.18951491771908,-0.1164398700860673,0.2252768744914525,-0.11432957161867074,0.4181298237558993,0.3221549882452752,0.3212083053131609,0.19625615627109586,492.3588424322505,148.8360210465913,155.86930022855773,146.33528474829285,480.840633299413,34.773472519881885,25.20838818869612,19.14735206426479,1917.037221316308,58.97157260097433,5.516803533621164,-34.23955313119391,-0.7307868910590194,-0.0039383404949975,-0.1369991252395996,-0.1168845051002303,0.9663290446208596,50.78052984822981,132.99617030250513,0.002737476047084588,0.8083766767040789,0.967150287434985,0.0,0.6967213114754098,241.46025602413656
12009,Narmada,Narmada/Orsang,Chanwada,3846.0,-2.3341489543263463,0.1619334421275419,0.2549219546936391,0.23366147837228468,-6.332964885887392,0.0236138189983498,0.3187801892877842,0.14368072294061318,0.4675590009144981,0.5012600052116483,0.5056521180917561,0.5015428323652346,584.5762797344289,294.1294254923915,277.33207588670547,276.27214590077307,533.8798581458145,63.55212104943446,66.96548986498792,60.788852050068485,730.6576188079296,-27.992775596417093,3.178596242848861,-41.749032245445555,-0.1445094017972801,-0.112904874608372,0.0332649374931985,-0.19130856814827357,0.8967424708051629,144.55400609706322,407.80922703007354,0.024585125998770743,0.4585125998770744,0.9133374308543332,0.0,0.558282208588957,786.7309662988581
12012,Narmada,Narmada/Ganjal,Chhidgaon,1729.0,-5.49107004924908,0.1407387733257471,0.1904086116632727,0.017740163801979847,-13.423182620766616,-0.3033304813225539,0.18302205266707,-0.12863882922753467,0.235207095286254,0.4232530423429086,0.4510956463699822,0.1905478729258941,516.9930561588113,188.5157051020926,182.9860022948087,201.9124568311866,484.5545661487059,55.14896049390806,35.79255644834717,18.613917529891687,1439.746151464065,106.41362182561016,39.93918191192037,-39.03660689892928,-0.2861938213755173,0.0605334100369144,0.0702737268286378,-0.08280697831303874,0.9737202299479879,51.19195450752231,140.943688022082,0.0016424856282507528,0.7388447851081303,0.9753627155762387,0.0,0.7814207650273224,284.2627390251785
12015,Narmada,Narmada/Uri,Dhulsar,787.0,-388.6032356599474,-1.952587559844133,-5.854835898795576,0.06952852973695567,-109.6399867942809,-4.114305068071151,-1.6032854866606918,-0.6361817641720378,0.4763136614361279,0.339427209409574,0.3041413245888337,0.33872819676893,487.5053143641077,42.43942290033306,64.66460187651481,17.57959896730787,485.76591576258,24.13231875836838,10.863663794403823,5.837529357410039,11063.46901757706,505.03001246214825,182.49318893857216,128.84290345417023,-61.31830657798461,-1.4268165758327052,-7.453512816540087,-0.011946386904348127,0.9948787982246501,25.80419283704409,32.74499104331483,0.7255035848412428,0.9576647319904404,0.9948787982246501,0.0,0.9488054607508533,65.29151036389452
12016,Narmada,Narmada,Dindori,2292.0,-30.19416524630609,0.149835600633843,-0.1971481489926778,0.039408953834163096,-15.04546399751921,0.1303941444383056,0.092842934050035,0.23421190144621984,0.2305837640734787,0.4029739291686415,0.4185229206969258,0.3828179302496776,790.3762761794727,130.481418472758,154.83572109253612,119.99523637689231,645.6661305645708,42.25971555549003,50.75598414815843,27.54732590918778,1585.232110420867,33.28476683497709,69.62741338725135,-33.39084308827008,-6.220968099278756,-0.1294926416249093,-0.4674545591424672,-0.5031292143911836,0.9414364640883978,82.36821138582177,177.58584400408836,0.0019337016574585636,0.4135359116022099,0.9433701657458563,0.0,0.585635359116022,455.3362134438193
12018,Narmada,Narmada/Sakkar,Gadarwara,2270.0,-5.105008670982761,0.2016668601049136,0.1894693817473068,0.11596011807011175,-8.875506919075809,0.1474255566159602,0.3761264444217838,-0.0019568702875369937,0.5045742745982723,0.4626082172784871,0.4900904446760956,0.3675427471371335,494.2382841528727,179.1181299725425,180.48128739277075,180.49120437249726,476.2399348303092,47.29311878563191,45.573571509936485,32.515530284785655,984.7230183717228,16.22289408712868,21.197674818524543,-53.244440075595506,-0.2757006756908169,-0.0420269594497422,-0.0489025535092864,-0.1565834424439645,0.9019497033060186,71.32375837133644,216.87023324958346,0.015541113308844307,0.6270132805877366,0.9030799660921164,0.0,0.5141242937853108,392.89785210560945
12020,Narmada,Narmada,Garudeshwar,87892.0,0.3231939539212021,0.1252406541981126,0.4379467234928303,0.3981325056914278,0.2700227047132074,-0.1883163865607455,0.2547855891622825,0.2959849016367171,0.6136616415662128,0.5827547614284219,0.7400606502956462,0.6770010888620331,1848.5406292405985,2105.8376719531198,1687.9879306250673,1099.9713100851163,730.8549281619984,683.8351493525088,526.7230580039482,489.87948397877585,6.126384849122994,-79.3956551233316,-42.6981173419151,-53.463598564248386,-0.1747413980750314,-0.6677295553789031,-0.0225963151457926,-0.33625995368149963,0.5743801652892562,998.1232852168648,2299.385454355876,0.011294765840220386,0.2184573002754821,0.5856749311294766,0.0,0.6253443526170799,5327.250208999171
12025,Narmada,Narmada,Handia,54027.0,0.3624468902533444,0.0908164769365411,0.5463612287219626,0.6546269243727089,0.3955715810485746,-0.2092215613001453,0.3188959120028956,0.4374915802206174,0.6384072580207248,0.7070140929637513,0.8348043134327474,0.8446983841868471,1492.6402803865622,1785.9070506505152,1261.5026184891033,877.4309634571919,673.8832387278135,631.3254279535544,393.9937538461567,417.3334426470531,42.24947783825049,-82.11651959573959,-41.475688264231565,-47.705736021723844,0.0595414189159828,-0.9026368640390516,0.0593125554719794,0.3212271773245665,0.25075280591294824,990.2024113310222,2250.724767788632,0.004927456884752259,0.041883383520394196,0.2556802627977005,0.0,0.8715846994535519,6574.168369418285
12026,Narmada,Narmada,Hoshangabad,44548.0,0.2568186204935528,0.138170247466808,0.5134972898230405,0.6477247298687557,0.2023091486321815,-0.1541907701292348,0.3305889085981267,0.44728285336791274,0.6226731655469512,0.5980671570597101,0.7986608509284885,0.8396092014168224,1428.5476983931153,1541.3475756334635,1158.063767946073,753.1504644678079,684.5393438177315,514.0154286245474,343.8494869829526,354.6116648405688,68.98017958280538,-76.76377677126301,-36.456073007388106,-45.20343497301001,0.0929512537341427,-0.6068694555028258,0.1074337549770927,0.3624464984381609,0.2671776621954558,964.8344755029143,2057.309018438482,0.0043799616753353405,0.06268820147823706,0.27155762387079113,0.0,0.9371584699453552,6141.06002182257
12029,Narmada,Narmada/Kundi,Kogaon,3919.0,-5.466099202335276,0.1232659045678109,0.0442194344726768,0.22634142157255577,-11.824752755363487,0.0568620497232422,0.2605924521784137,0.24331536662382347,0.4604466879628024,0.3529329427254099,0.3552761455066827,0.47782168305776185,503.41940826852914,185.82043782103813,194.016483411372,180.64554187160758,485.238823511902,43.35590390180899,37.04585728642338,32.556937349794026,1280.2246703295618,15.824642342570504,-5.019738066948473,-22.0964347267457,-0.3275964161856628,-0.055664844898114,-0.1352437947206421,0.0533695052819575,0.9563942836203737,88.17586314368047,201.9004521717646,0.44668376694759987,0.8248442652986442,0.9677537559545621,0.0,0.6776556776556777,407.41702242561314
12035,Narmada,Narmada,Mandleshwar,72809.0,0.3283552359198901,0.1201742924447994,0.3476913683309496,0.40503651477592195,0.3103316930024432,-0.1754999031320476,0.1032132068379981,0.2233099329235937,0.5914903373994088,0.6159078059029325,0.7442243493965576,0.7222143666752597,1911.2936108500696,2191.6972296200547,1887.160325475956,1128.5031902377318,702.2240845770311,798.8433893311127,643.3413887842277,574.3432378361763,-4.02821571668862,-80.21657391133914,-57.04759962996769,-60.95357934469721,-0.0974257888262741,-0.5747342736116328,-0.1543726205678379,-0.19502554182170417,0.26361894333424585,905.2759754275936,3208.634435487544,0.007664932931836847,0.04434711196277032,0.2712838762660827,0.0,0.6284153005464481,5048.195609858779
12036,Narmada,Narmada,Manot,4667.0,-5.41625903452853,0.310053563849383,0.3730665692891647,0.31928919525410904,-5.167698315268535,0.234741439350694,0.5208123300954477,0.29081249762754935,0.258371019189958,0.6104899233372747,0.6290646206732801,0.5816464881887643,710.4125079592786,233.427082947702,222.5124263428009,245.9644301927513,585.0562610812385,63.32943238212656,69.72059334255789,60.2975366418955,610.3727185714957,-18.428434330614408,19.27024868694708,-43.0758079111159,-0.4470161599557942,-0.1884727197820037,0.0093483722970766,-0.07601046089945185,0.8636736928551875,150.7222083629793,339.1189291518844,0.0008212428141253764,0.37503421845058854,0.8644949356693129,0.0,0.639344262295082,1036.5585823684441
12038,Narmada,Narmada/Burhner,Mohgaoan,3919.0,-3.242253820505594,0.2051868132162668,0.2439615334061177,0.16846288315115876,-5.268406157548502,0.1845775884014334,0.3298886167342825,0.08140882171075026,0.2963774683737323,0.4578529594448987,0.4998248605347035,0.41956338902899437,532.035974049977,230.76476338678776,225.06549049616729,290.0005235381375,475.3650240181703,63.20865668899398,60.066905467987326,46.566218548348395,622.4067637140103,3.707937850049596,11.483529771215586,-37.67074965795056,-0.0069681753288701,-0.179374132892929,-0.105227009530548,-0.06643942590297502,0.9178757185874623,119.4822999592386,300.36130518042614,0.006569942513003011,0.47549958937859294,0.9203394470298385,0.0,0.6967213114754098,738.2123312402944
12043,Narmada,Narmada/Hiran,Patan,3950.0,-10.526085725320923,0.586048154117861,-0.6912988176844688,-0.3952729877499017,-8.43852155377591,0.5116416387397618,-0.7854109821824142,-0.1102729428429794,0.7367429044952489,0.793522341526841,0.8285818805472451,0.8855276044331132,504.4833774777268,95.79850278915012,193.6395133553568,162.25434115677427,492.3946805101765,40.84878038930572,85.67879723638711,41.869448014708055,943.3388836402283,17.60810321676735,155.01982583585772,55.58747184033877,-2.6940426290280644,0.227821431636871,-1.6754928709664525,-1.6664089437988254,0.9596707818930041,184.92264071701322,212.50251121029115,0.044444444444444446,0.5887517146776406,0.9868312757201646,0.0,0.8273972602739726,1304.0887104818266
12044,Narmada,Narmada/Goi,Pati,2151.0,-54.41717065434566,-0.1289016649091325,-0.7661828234354724,0.09733321276647722,-37.25155278993221,-1.1458822675253844,-0.1970467538790872,0.1262877954438998,0.4297638117551621,0.3870162278962876,0.3482582840068173,0.3335685279754576,479.0534620307792,68.37382331540621,85.52235217246931,71.52303772783193,477.0921995716021,30.932167790513432,18.61151068404709,10.900158788720754,3824.6428857231017,203.9794439081524,96.66230104473034,-12.872307106488515,-6.901894298177832,-0.0747186620881623,-1.077342567208142,-0.046328617270641415,0.9784909525435302,39.737067816810175,74.4271521461828,0.4892454762717651,0.8439740525776716,0.9788323659952202,0.0,0.7918088737201365,165.90607965358694
12046,Narmada,Narmada,Sandia,33953.0,0.3740149173085825,0.1372836093248844,0.4551709733172195,0.5341429227961445,0.1780131298773036,-0.1460528066297435,0.2414231418980065,0.27941683007582363,0.685617725726107,0.6314898207921833,0.791728099346698,0.7936887283991164,911.21097418917,1071.7696161213871,851.7213523287802,717.5396352514955,467.4900259753656,364.0766676050527,260.5008519574558,314.23425462707644,53.88094942513731,-75.61887930325229,-43.88337549208365,-57.06427406681471,0.0746582147222213,-0.5486424145898714,0.0289626745560107,0.27045061250548774,0.2066794415548864,697.1629164763877,1958.1709221193244,0.002737476047084588,0.042704626334519574,0.20941691760197098,0.0,0.8879781420765027,4888.119051823851
