gauge_id,river_basin,cwc_river,cwc_site_name,cwc_area_km2,xgboost_nse,base_tcn_nse,regional_tcn_nse,xgboost_kge,base_tcn_kge,regional_tcn_kge,xgboost_pearson_r,base_tcn_pearson_r,regional_tcn_pearson_r,xgboost_rmse,base_tcn_rmse,regional_tcn_rmse,xgboost_mae,base_tcn_mae,regional_tcn_mae,xgboost_pbias,base_tcn_pbias,regional_tcn_pbias,xgboost_high_flow_nse,base_tcn_high_flow_nse,regional_tcn_high_flow_nse,xgboost_peak_rel_err_pct,base_tcn_peak_rel_err_pct,regional_tcn_peak_rel_err_pct,xgboost_peak_timing_days,base_tcn_peak_timing_days,regional_tcn_peak_timing_days
08001,Mahanadi,Mahanadi/Seonath/Hamp,Andhiyarkhore,2210.0,-259.1974230645766,-4.146170529143388,-61.66567741294903,-47.10844911574698,-3.594447678999545,-11.947099576366158,0.5262806279870254,0.5815840256303688,0.6147177965962454,486.6842111522873,68.58604431088564,239.33628103810787,484.74597640499553,46.08695068960259,113.1863519843684,4810.070982248523,444.3757128121071,1116.144858271383,-53.02227882035921,-3.4531174644855023,-75.58220546907427,-12.922868824968434,30.373436513573232,92.01162010732324,-2293.0,1766.0,7114.0
08003,Mahanadi,Mahanadi/Hasdeo,Bamnidhi,9730.0,-1.8988957037698992,0.3619258723893196,-0.6548467885556244,-2.7611608299389814,0.2647105347314825,-0.4007578511035135,0.5759958470920905,0.6536935734665551,0.6364072151287848,512.1652336672527,240.74372418462815,387.70223322573,477.0293398096284,76.06041066878936,187.03418472874856,371.9035713030805,-31.065283476683323,124.17766505378076,0.046528396631036,-0.1196400203162268,-0.4490321645711772,-82.99967777366905,-76.12132360816777,-44.66620325880437,-10976.0,-9870.0,-7353.0
08005,Mahanadi,Mahanadi/Pairi,Baronda,3225.0,-7.527428721723554,0.307653166442245,0.1324259880831343,-11.131002129759093,0.1052366698898278,-0.5086355378276182,0.368969613963316,0.578899362197053,0.5628744580921325,581.0753200518665,165.93487778886262,185.7501152128673,516.8212793508296,54.102517071337616,78.80361789252227,1210.646324681761,58.33647171749085,143.77306065434658,-2.061834364324287,0.136721905407116,0.0642398844067297,-20.927147294143744,-75.46270457783258,-69.10803194146395,4039.0,-2104.0,409.0
08006,Mahanadi,Mahanadi,Basantpur,57780.0,-0.2750713078582183,0.1176401806170938,0.5845472812716082,-0.4196564834371896,-0.1665495797146414,0.4313573709545695,0.7354641045155385,0.675841352160476,0.8257064371068661,1721.1248029415312,1434.455959087771,984.294730574384,931.891441454562,495.1621906293343,295.84489045692044,131.69741425514073,-77.19123290615141,-27.802576947327072,-0.8453339500536416,-1.210145049838907,-0.0283067336356093,-46.45972655830899,-84.41916643984064,-81.44968206892538,-8380.0,-6949.0,3980.0
08009,Mahanadi,Mahanadi/Seonath,Ghatora,3035.0,-40.15217813636801,-0.2396092704895012,-0.2625248719826329,-16.587257822916424,-0.5441373297537666,-0.5162951651894105,0.6358861212241069,0.6760888697984748,0.7088651532062648,499.0455460992117,86.78572532575878,87.584218875294,493.0563844732591,48.18866752089789,45.88392616739653,1758.02559326716,147.57491037693958,142.89597992403608,-9.855036403244837,-0.5992783425878649,-0.7422563972576972,-65.8286878325481,-50.7854918583522,-42.64396731235855,-5053.0,15.0,3641.0
08011,Mahanadi,Mahanadi/Seonath,Jondhra,29645.0,-0.3649531341121441,0.1980964238055765,0.5749547209940389,-1.1504817194501982,-0.0580346727240561,0.4449299977585426,0.7118571991663201,0.7040152991949067,0.8195169333928036,829.9581579790332,637.3961071816091,464.0512320078595,625.9926702846733,210.3425391383112,156.75480690383773,212.35392630476235,-64.80758170391603,-21.05912456800883,-0.3245347167122203,-1.0612714932813696,-0.049465468611145,-34.4234436515748,-75.31812869094489,-74.75253367987204,-5046.0,-3577.0,7174.0
08013,Mahanadi,Mahanadi/Tel,Kantamal,19600.0,0.2815469884896553,0.1210182479487133,0.6327249551254213,-0.1650934756514253,-0.1455905124693244,0.6352435479264817,0.6856575595653234,0.6375537778062321,0.8071581807248376,817.770722570089,906.3169495307149,585.8492560313331,504.8114604418179,267.7076705902145,229.2208933298416,96.36125969795344,-69.74369397424809,29.11997439947204,0.076808900982043,-0.5942943420983693,0.472566713077285,-88.64588012695313,-88.02064453125,-49.563779296875,-10228.0,-4666.0,-9422.0
08016,Mahanadi,Mahanadi/Tel,Kesinga,11960.0,0.0089133036788213,0.1561659711622633,0.5630229772515254,-0.7431859515164301,-0.0815183072276217,0.5964359981134971,0.6296688337381161,0.649781428611336,0.7549033820058842,678.2010867385585,627.0626769554855,451.2443065472337,457.5795744476632,165.71795290197477,149.29340895410846,153.67877043488858,-60.37051522663453,23.625950735071942,0.030082108252559,-0.315527327993472,0.3951547509278442,-93.79761790545224,-91.29970114201409,-62.65208560055091,-9420.0,-5001.0,1.0
08020,Mahanadi,Mahanadi/Seonath,Kotni,6990.0,-3.881820628358129,0.4094576356304787,0.0741539115011198,-7.172128995034647,0.3370684578176739,-0.7196082850884751,0.6265209115736098,0.6819017387439307,0.7205604664235088,522.323427051667,182.0481841897358,227.94507870065505,504.0672318872324,63.16009800247909,116.33937050931736,815.7098274022452,19.325895034836478,168.06442394721526,-0.1212663756837848,0.105748783967232,0.0957727757218468,-69.77700077620872,-62.83795799650669,-34.31730793467688,5183.0,-687.0,6949.0
08021,Mahanadi,Mahanadi/Mand,Kurubhata,4625.0,-9.253885805959904,0.5642997205580635,-1.2716077705052653,-5.637319817134579,0.5797438640520878,-0.92014446327259,0.6227699596704179,0.7574998080442837,0.7739000248276011,564.3479182224523,116.56296882461804,266.15421835501354,533.6545817173311,51.053248883646106,143.14852608881253,661.4425005276361,9.434110877681745,167.6515597295362,-2.8891914748562675,-0.1142901102715991,-2.302909256096873,-30.77882344903764,-44.77899396127392,7.568597023347672,-2978.0,-4540.0,-5178.0
08023,Mahanadi,Mahanadi/Hasdeo,Manendragarh,1100.0,-182.80722622524587,-2.630070114332277,-6.700019467311893,-46.76116527641441,-3.170228771902747,-3.488261342487548,0.4725529192200677,0.4185228078472718,0.3978167079706297,495.0434950936857,69.56961088859387,101.32298579922636,491.7800879199447,44.14201925710518,44.13755856317538,4775.057342272446,408.0182192292634,408.9179016010528,-34.60053085044781,-1.92238656344378,-7.38774834778317,-61.68651064868237,-61.95560519200837,-36.50834774346554,376.0,1377.0,323.0
08028,Mahanadi,Mahanadi/Seonath/Kharun,Patharidih,2511.0,-19.35259610854727,0.4414048059122318,0.4527678460735067,-13.97791893589238,0.1503691386262052,0.1446504271354551,0.6687364860842829,0.7232217911073684,0.7754608576502274,513.6218390875713,85.09071479048733,84.2208030595846,505.0611073993881,44.31082725281571,40.1180636113176,1497.338698436206,63.46387447226563,82.19497607109184,-3.871317439345492,0.1762955016241888,0.1929745007314337,-29.904510498046875,-62.2527587890625,-27.5906982421875,1101.0,-4613.0,-3937.0
08029,Mahanadi,Mahanadi,Rajim,8760.0,-1.249398989968876,0.2938024834180496,0.2071604659826965,-3.99944107099185,0.1858248756370886,-0.4192241095871287,0.5850452308857078,0.6559734815688213,0.6753086254453986,564.4605365594147,317.014182490477,335.8986418158957,513.9110924119855,82.15400217478853,164.06797480790752,495.6250519185165,-20.137782502392238,138.12735166767396,0.1267325216063072,-0.083412227181719,0.1947159579119112,-84.45774135655004,-79.38155487410577,-45.1821588717187,-6.0,10616.0,4903.0
08030,Mahanadi,Mahanadi/Jonk,Rampur,2920.0,-6.005788617685421,0.3086375557063739,0.0605461137796141,-10.411169997501371,0.1196833148234958,-0.6443802497615254,0.5149727052818086,0.594869075059054,0.5908546191699838,537.7928288851567,169.3361432848165,197.39425363293557,514.8277039551116,56.64532453869303,87.01597548451893,1139.948376673735,51.8091086751658,159.26664631908702,-0.772555663030287,0.1401355905691622,-0.0199665137573303,-88.00544593747833,-85.36131285949942,-58.25145808789711,-8389.0,10.0,-7149.0
08031,Mahanadi,Mahanadi/Ong,Salebhata,4650.0,-2.793217122995324,0.2384523497858166,0.3866327646490282,-6.949090215386714,0.1558663174466936,0.3106428569368686,0.5362631252364483,0.576243770222437,0.6386200188578236,550.2927281854658,247.1001508007267,221.76078785479805,514.2586594599188,64.51885979622246,64.71565030694184,792.6678893601954,2.4344973246013373,32.67482727640319,-0.1402799814053312,-0.0398511164637551,0.182685412745831,-90.96315700600506,-90.2621528150782,-79.5538462261516,-1.0,1399.0,1.0
08034,Mahanadi,Mahanadi,Seorinarayan,48050.0,-0.7421871757035969,0.1052845794222638,0.5383201460554867,-1.0123908295370223,-0.1930901019565165,0.3582241314078411,0.7128513634858575,0.7006855851157632,0.8303601685469999,1804.4990735984732,1293.1583797994376,928.9230064798962,1001.606005600076,400.34037180637057,262.1036892228378,189.79931597026703,-77.57417963630407,-29.524313583293356,-1.331544331255655,-0.9909894271729144,-0.0192207622357851,-20.72609991776316,-85.45172654536732,-73.8951266104715,-3281.0,12.0,3980.0
08035,Mahanadi,Mahanadi/Seonath,Simga,30761.0,-1.86804838102294,0.2095470634835273,0.5326064482886009,-3.2627403244669084,0.0068584636110241,0.4965945679593966,0.6286657945288149,0.6334510195643612,0.7518327302010558,903.7653802843864,475.445292918316,365.5980761409468,676.2556346640354,119.49191700539092,111.0933153976362,421.6799305131714,-49.326909635517126,9.961577712727609,-1.1794518841485644,-0.311779102197629,0.279725185917993,-31.1638134264403,-82.99125256753909,-68.88559408570156,-650.0,-8293.0,2578.0
08036,Mahanadi,Mahanadi/Ib,Sundergarh,5870.0,-2.347266734244128,0.3494545841672912,-0.0257606619900403,-3.4673298241961925,0.2802253279495168,-0.1137811574150535,0.6649288712969406,0.637380902405314,0.6844010350644718,484.3708581199467,213.9538946590148,268.66086328593985,457.3060760768846,62.772503818103,126.47969136976212,443.2037346873733,-20.00044896442481,103.35548708960457,0.0154760254798967,-0.2292552285625291,-0.2593129809807597,-88.29555372145028,-83.6303042155511,-63.64405366926182,-3690.0,369.0,-771.0
08038,Mahanadi,Mahanadi,Tikarapara,124450.0,0.5885817350173277,0.0422370428796513,0.5111428030474696,0.6684748588437267,-0.2159235120088281,0.2725925276875526,0.7843305174006784,0.6399286405963065,0.8334274339352701,1962.2872287399716,2999.673172915428,2143.067882332866,912.5731620998076,1242.553843224286,835.6743733058829,23.20669490386769,-83.01486906849816,-47.12541234419066,0.1344110003505977,-1.9442493292225131,-0.4993871416395818,-41.14241632766272,-70.5353324935281,-71.81189037074705,5097.0,8387.0,11877.0
12001,Narmada,Narmada/Banjar,Bamni,1864.0,-49.857262703877765,-0.168964464551536,-1.6227610330247666,-17.24976541090162,-0.8055769378334698,-1.218907085206463,0.6463818013648699,0.6791507620730343,0.68187262030874,485.09328732091296,73.54436945954058,110.1610674543586,481.4322648698001,51.5844684319695,56.52217208329992,1824.5234285090385,177.52322199438737,200.27493613982537,-11.009206779206297,-0.1419380159204371,-3.0036585926230144,-53.41979928018028,-55.60530137391984,-37.726412281133626,-6242.0,-5068.0,-5068.0
12004,Narmada,Narmada,Barmanghat,26453.0,0.2684933890598369,0.1913700405892511,0.471739286218483,-0.0574022148310406,-0.0856045282026993,0.2980877082565734,0.647578757304234,0.6887927306075544,0.7730493603624399,772.2442320458166,813.5471768013183,657.5548499732602,464.33119989313616,269.3876830240261,208.62982278209245,82.31458568739114,-70.70226333222843,-37.381552482112085,0.0699206004654812,-0.4394334077736666,0.0831267186876256,-89.28729900981105,-71.15962708938953,-80.03371865915697,-6960.0,-366.0,0.0
12006,Narmada,Narmada/Sher,Belkheri,1508.0,-8.948484084040038,0.0948874185947193,0.0073236600053118,-18.18951491771908,-0.1164398700860673,0.2252768744914525,0.4181298237558993,0.3221549882452752,0.3212083053131609,492.3588424322505,148.8360210465913,155.86930022855773,480.840633299413,34.773472519881885,25.20838818869612,1917.037221316308,58.97157260097433,5.516803533621164,-0.7307868910590194,-0.0039383404949975,-0.1369991252395996,-88.65705791272616,-89.7006691380551,-78.48444567228618,-5074.0,1.0,2951.0
12009,Narmada,Narmada/Orsang,Chanwada,3846.0,-2.3341489543263463,0.1619334421275419,0.2549219546936391,-6.332964885887392,0.0236138189983498,0.3187801892877842,0.4675590009144981,0.5012600052116483,0.5056521180917561,584.5762797344289,294.1294254923915,277.33207588670547,533.8798581458145,63.55212104943446,66.96548986498792,730.6576188079296,-27.992775596417093,3.178596242848861,-0.1445094017972801,-0.112904874608372,0.0332649374931985,-84.4522367265022,-86.95076434588617,-72.33290767985116,-4769.0,1681.0,334.0
12012,Narmada,Narmada/Ganjal,Chhidgaon,1729.0,-5.49107004924908,0.1407387733257471,0.1904086116632727,-13.423182620766616,-0.3033304813225539,0.18302205266707,0.235207095286254,0.4232530423429086,0.4510956463699822,516.9930561588113,188.5157051020926,182.9860022948087,484.5545661487059,55.14896049390806,35.79255644834717,1439.746151464065,106.41362182561016,39.93918191192037,-0.2861938213755173,0.0605334100369144,0.0702737268286378,-52.11087662337663,-80.2718952922078,-81.3446771002435,-280.0,-9084.0,2239.0
12015,Narmada,Narmada/Uri,Dhulsar,787.0,-388.6032356599474,-1.952587559844133,-5.854835898795576,-109.6399867942809,-4.114305068071151,-1.6032854866606918,0.4763136614361279,0.339427209409574,0.3041413245888337,487.5053143641077,42.43942290033306,64.66460187651481,485.76591576258,24.13231875836838,10.863663794403823,11063.46901757706,505.03001246214825,182.49318893857216,-61.31830657798461,-1.4268165758327052,-7.453512816540087,-25.864191593982174,-54.21561764992301,14.295526712443,-771.0,634.0,301.0
12016,Narmada,Narmada,Dindori,2292.0,-30.19416524630609,0.149835600633843,-0.1971481489926778,-15.04546399751921,0.1303941444383056,0.092842934050035,0.2305837640734787,0.4029739291686415,0.4185229206969258,790.3762761794727,130.481418472758,154.83572109253612,645.6661305645708,42.25971555549003,50.75598414815843,1585.232110420867,33.28476683497709,69.62741338725135,-6.220968099278756,-0.1294926416249093,-0.4674545591424672,19.191422837048837,-77.08078307457538,-68.21532166434447,-693.0,1078.0,1.0
12018,Narmada,Narmada/Sakkar,Gadarwara,2270.0,-5.105008670982761,0.2016668601049136,0.1894693817473068,-8.875506919075809,0.1474255566159602,0.3761264444217838,0.5045742745982723,0.4626082172784871,0.4900904446760956,494.2382841528727,179.1181299725425,180.48128739277075,476.2399348303092,47.29311878563191,45.573571509936485,984.7230183717228,16.22289408712868,21.197674818524543,-0.2757006756908169,-0.0420269594497422,-0.0489025535092864,-90.65766566884804,-85.35685566525696,-76.51629919224082,-13208.0,-11725.0,-5872.0
12020,Narmada,Narmada,Garudeshwar,87892.0,0.3231939539212021,0.1252406541981126,0.4379467234928303,0.2700227047132074,-0.1883163865607455,0.2547855891622825,0.6136616415662128,0.5827547614284219,0.7400606502956462,1848.5406292405985,2105.8376719531198,1687.9879306250673,730.8549281619984,683.8351493525088,526.7230580039482,6.126384849122994,-79.3956551233316,-42.6981173419151,-0.1747413980750314,-0.6677295553789031,-0.0225963151457926,-85.6063911717539,-82.02686978496752,-84.29282426731885,6955.0,-4015.0,-3670.0
12025,Narmada,Narmada,Handia,54027.0,0.3624468902533444,0.0908164769365411,0.5463612287219626,0.3955715810485746,-0.2092215613001453,0.3188959120028956,0.6384072580207248,0.7070140929637513,0.8348043134327474,1492.6402803865622,1785.9070506505152,1261.5026184891033,673.8832387278135,631.3254279535544,393.9937538461567,42.24947783825049,-82.11651959573959,-41.475688264231565,0.0595414189159828,-0.9026368640390516,0.0593125554719794,-69.37375215261027,-76.40759274701693,-72.56531728749933,-12048.0,-6955.0,-5088.0
12026,Narmada,Narmada,Hoshangabad,44548.0,0.2568186204935528,0.138170247466808,0.5134972898230405,0.2023091486321815,-0.1541907701292348,0.3305889085981267,0.6226731655469512,0.5980671570597101,0.7986608509284885,1428.5476983931153,1541.3475756334635,1158.063767946073,684.5393438177315,514.0154286245474,343.8494869829526,68.98017958280538,-76.76377677126301,-36.456073007388106,0.0929512537341427,-0.6068694555028258,0.1074337549770927,-64.93274352600524,-54.21888658216783,-71.85790674169581,-1451.0,5143.0,5509.0
12029,Narmada,Narmada/Kundi,Kogaon,3919.0,-5.466099202335276,0.1232659045678109,0.0442194344726768,-11.824752755363487,0.0568620497232422,0.2605924521784137,0.4604466879628024,0.3529329427254099,0.3552761455066827,503.41940826852914,185.82043782103813,194.016483411372,485.238823511902,43.35590390180899,37.04585728642338,1280.2246703295618,15.824642342570504,-5.019738066948473,-0.3275964161856628,-0.055664844898114,-0.1352437947206421,-84.01880029885166,-71.0426128341491,-73.7940335560994,8052.0,2946.0,3877.0
12035,Narmada,Narmada,Mandleshwar,72809.0,0.3283552359198901,0.1201742924447994,0.3476913683309496,0.3103316930024432,-0.1754999031320476,0.1032132068379981,0.5914903373994088,0.6159078059029325,0.7442243493965576,1911.2936108500696,2191.6972296200547,1887.160325475956,702.2240845770311,798.8433893311127,643.3413887842277,-4.02821571668862,-80.21657391133914,-57.04759962996769,-0.0974257888262741,-0.5747342736116328,-0.1543726205678379,-81.80520212007262,-77.45272181340768,-82.44827055238589,-5120.0,1838.0,-3669.0
12036,Narmada,Narmada,Manot,4667.0,-5.41625903452853,0.310053563849383,0.3730665692891647,-5.167698315268535,0.234741439350694,0.5208123300954477,0.258371019189958,0.6104899233372747,0.6290646206732801,710.4125079592786,233.427082947702,222.5124263428009,585.0562610812385,63.32943238212656,69.72059334255789,610.3727185714957,-18.428434330614408,19.27024868694708,-0.4470161599557942,-0.1884727197820037,0.0093483722970766,-22.92850604884625,-72.03403675544186,-72.89431047044083,2622.0,-9467.0,-8016.0
12038,Narmada,Narmada/Burhner,Mohgaoan,3919.0,-3.242253820505594,0.2051868132162668,0.2439615334061177,-5.268406157548502,0.1845775884014334,0.3298886167342825,0.2963774683737323,0.4578529594448987,0.4998248605347035,532.035974049977,230.76476338678776,225.06549049616729,475.3650240181703,63.20865668899398,60.066905467987326,622.4067637140103,3.707937850049596,11.483529771215586,-0.0069681753288701,-0.179374132892929,-0.105227009530548,-60.01542716190733,-77.49798163052263,-88.41400041251347,417.0,-1836.0,-7294.0
12043,Narmada,Narmada/Hiran,Patan,3950.0,-10.526085725320923,0.586048154117861,-0.6912988176844688,-8.43852155377591,0.5116416387397618,-0.7854109821824142,0.7367429044952489,0.793522341526841,0.8285818805472451,504.4833774777268,95.79850278915012,193.6395133553568,492.3946805101765,40.84878038930572,85.67879723638711,943.3388836402283,17.60810321676735,155.01982583585772,-2.6940426290280644,0.227821431636871,-1.6754928709664525,-40.31627017892456,-9.755185981481208,66.6719353597562,-12045.0,-5065.0,-12022.0
12044,Narmada,Narmada/Goi,Pati,2151.0,-54.41717065434566,-0.1289016649091325,-0.7661828234354724,-37.25155278993221,-1.1458822675253844,-0.1970467538790872,0.4297638117551621,0.3870162278962876,0.3482582840068173,479.0534620307792,68.37382331540621,85.52235217246931,477.0921995716021,30.932167790513432,18.61151068404709,3824.6428857231017,203.9794439081524,96.66230104473034,-6.901894298177832,-0.0747186620881623,-1.077342567208142,-58.03843519998967,-70.50434401363188,-41.2830955943793,3644.0,-1809.0,-2203.0
12046,Narmada,Narmada,Sandia,33953.0,0.3740149173085825,0.1372836093248844,0.4551709733172195,0.1780131298773036,-0.1460528066297435,0.2414231418980065,0.685617725726107,0.6314898207921833,0.791728099346698,911.21097418917,1071.7696161213871,851.7213523287802,467.4900259753656,364.0766676050527,260.5008519574558,53.88094942513731,-75.61887930325229,-43.88337549208365,0.0746582147222213,-0.5486424145898714,0.0289626745560107,-85.2151882244862,-65.64662324453559,-78.09187913458976,-10604.0,-4010.0,-3644.0
