feature,importance
ghi_lon,0.07845012
sm2_lag_1,0.060433608
bulkdense_top_mean,0.060306124
pop_density_2000,0.047565755
sm1_roll_7d_mean,0.044504955
drinking_frac,0.039745767
sm_lvl2(kg/m2),0.02859768
water_frac,0.026595201
elev_max,0.02348297
sm_lvl3(kg/m2),0.023244428
low_prec_freq,0.021889085
srad_lw(w/m2),0.019924218
ghi_area,0.018398816
prcp_roll_14d_sum,0.01790599
prcp_roll_7d_sum,0.01758014
sm_lvl4(kg/m2),0.017104518
wtd,0.01597358
elev_median,0.01439653
pet_roll_7d_mean,0.014280898
sm1_lag_3,0.014184547
elev_mean,0.012985438
ai_mean,0.012951583
prcp_roll_30d_sum,0.012402944
evap_canopy(mm/day),0.012095162
pet_min,0.01150575
evap_surface_max,0.010906282
evap_surface(mm/day),0.01078921
sm2_roll_7d_mean,0.01070403
num_dams,0.01065072
prcp_lag_30,0.009646008
sm1_lag_1,0.009349295
elev_min,0.009135247
wind_u(m/s),0.009107342
sin_doy,0.0083978055
lai_diff,0.0082994215
pet_gleam(mm/day),0.007714416
tmax_mean,0.0067509077
pet_gleam_mean,0.0067185187
sm_lvl1(kg/m2),0.006294111
evap_surface_mean,0.006242656
flooded_veg_frac,0.006164336
evap_canopy_mean,0.0060996045
wind_v(m/s),0.005982815
built_area_frac,0.0057194885
rel_hum_mean,0.005489827
prcp_lag_1,0.0049667107
tmin(C),0.0048950827
trees_frac,0.0048527415
soil_depth,0.004834984
sm_lvl4_mean,0.0046251696
clay_frac_top,0.0045526493
aridity_pet_aet,0.004496219
p_monthly_variability,0.0043793954
aet_gleam_mean,0.004242538
gauge_elevation,0.0042341566
srad_sw(w/m2),0.0041728923
bare_frac,0.0040942603
tmax(C),0.0040835403
evap_surface_anum,0.004046044
flood_frac,0.004036314
sm2_lag_7,0.0039223586
p_mean_anum,0.003789265
p_mean,0.003785721
crops_frac,0.003623819
dpsbar,0.0036039145
srad_lw_mean,0.003488484
prcp(mm/day),0.0033934813
hydroelec_frac,0.0033447442
prcp_lag_14,0.0032466848
prcp_lag_7,0.0032437816
lai_max,0.003229884
aet_gleam(mm/day),0.0029853692
p_max,0.0029095057
cos_doy,0.0028392172
soil_conductivity_sub,0.0026703335
prcp_lag_2,0.0026520053
rel_hum(%),0.0026309616
p_annual_variability,0.0025331778
sm1_lag_7,0.0025013157
prcp_roll_3d_sum,0.0023342897
tmin_mean,0.002332101
bulkdens_sub_mean,0.0022049996
evap_surface_min,0.00217264
tmax_roll_3d_mean,0.0021100442
geol_permeability,0.0019304003
ghi_lat,0.0019209653
lai_min,0.0016517083
sm_lvl3_mean,0.0016427971
urban_frac_2005,0.0016366539
high_prec_freq,0.001585887
aridity_p_pet,0.0015557426
org_carb_sub_mean,0.0015320024
urban_frac_1985,0.0014521412
slope_max,0.0014458973
prcp_lag_3,0.0014259033
evap_canopy_max,0.0013803003
cos_month,0.0013295135
sm_lvl1_mean,0.0012078111
high_prec_dur,0.001195192
geol_class_2nd_frac,0.0011306932
sin_month,0.0011089586
max_low_prec_dur,0.0010080329
slope_mean,0.0009859701
max_high_prec_dur,0.00089294964
geol_class_1st_frac,0.00088720955
slope_median,0.0008348765
pet_mean,0.00079346006
crops_frac_1995,0.000645351
srad_sw_mean,0.00054683426
low_prec_dur,0.00050356786
geol_porosity,0.0004734581
wind_mean,0.00046042615
dom_land_cover_frac,0.0004462823
asynchronicity,0.00044301053
org_carb_top_mean,0.00032280103
res_store_sum,0.00022552909
soil_conductivity_top,0.00016801707
pet_max,0.00016301921
hsg_C/D,0.00015703018
soil_awc_top,9.232132e-05
silt_frac_top,4.5054836e-05
org_carb_top_major,4.3600703e-05
range_frac,0.0
lai_mean,0.0
p_unif,0.0
pet_mean_anum,0.0
evap_canopy_anum,0.0
sm_lvl2_mean,0.0
bulkdens_top_major,0.0
gravel_frac_sub,0.0
gravel_frac_top,0.0
clay_frac_sub,0.0
silt_frac_sub,0.0
soil_awsc_major,0.0
sand_frac_top,0.0
sand_frac_sub,0.0
first_dam_year,0.0
carb_rocks_frac,0.0
organic_frac_top,0.0
organic_frac_sub,0.0
org_carb_sub_major,0.0
soil_awsc_max,0.0
soil_awc_sub,0.0
soil_awsc_min,0.0
tailing_frac,0.0
navigation_frac,0.0
overflow_frac,0.0
pop_density_2005,0.0
pop_density_2015,0.0
pop_density_2010,0.0
last_dam_year,0.0
irrigation_frac,0.0
urban_frac_1995,0.0
pop_density_2020,0.0
crops_frac_2005,0.0
crops_frac_1985,0.0
dom_lc_crops,0.0
dom_lc_rangeland,0.0
dom_lc_trees,0.0
hsg_C,0.0
hsg_D,0.0
geol_Acid Plutonic Rocks,0.0
geol_Basic Volcanic Rocks,0.0
geol_Intermediate Volcanic Rocks,0.0
geol_Metamorphic Rocks,0.0
geol_Mixed Sedimentary Rocks,0.0
geol_Siliciclastic Sedimentary Rocks,0.0
geol_Unconsolidated Sediments,0.0
